From Date,PM10,NO2,CO,Ozone,RH,Temp
1/2/2019 0:00,250.59,131.83,1.86,23.52,64.72,18.88
2/2/2019 0:00,270.26,130.72,2.49,28.6,62.94,19.86
3/2/2019 0:00,279.37,121.83,2.03,29.07,59.13,20.1
4/2/2019 0:00,246.44,143.11,2.23,24.75,58.21,20.16
5/2/2019 0:00,256.35,125.45,2.23,29.8,62.05,19.6
6/2/2019 0:00,270.18,138.28,2.11,28.26,59.77,20.51
7/2/2019 0:00,237.54,131.67,1.83,35.55,58.85,22.24
8/2/2019 0:00,190.35,97.27,1.23,46.41,60.49,23.5
9/2/2019 0:00,132.09,54.16,0.92,49.23,65.94,21.9
10/2/2019 0:00,94.51,69.7,0.51,43.89,52.81,19.76
11/2/2019 0:00,135.43,109.81,0.9,33.39,57.63,18.95
12/2/2019 0:00,185.85,105.27,1.22,35.16,58.44,19.35
13-02-2019 00:00,244.4,114.62,1.69,36.93,56.35,20.68
14-02-2019 00:00,300.04,145.24,2.58,35.05,59.18,21.77
15-02-2019 00:00,274.02,136.73,2.11,39.74,59.81,22.82
16-02-2019 00:00,167.56,103.34,1.29,26.14,65.18,21.5
17-02-2019 00:00,114.22,82.28,0.94,37.62,61.78,22.25
18-02-2019 00:00,149.96,107.33,1.19,42.9,52.59,21.31
19-02-2019 00:00,161.02,93.3,1.2,44.71,63.11,23.15
20-02-2019 00:00,119.27,75.02,1.19,32.67,61.68,25.3
21-02-2019 00:00,201.14,90.99,1.33,35.27,63.62,24.74
22-02-2019 00:00,110.41,63.98,0.98,25.87,70.98,25.73
23-02-2019 00:00,173.72,98.56,1.47,32.91,62.97,26.19
24-02-2019 00:00,190.8,90.4,0.92,49.05,45.1,26.14
25-02-2019 00:00,100.15,72.69,0.9,26.87,79.96,20.38
26-02-2019 00:00,53.01,57.83,0.94,19.73,89.9,20.75
27-02-2019 00:00,27.71,52.49,0.75,25.1,88.5,21.01
28-02-2019 00:00,36.84,58.95,0.98,21.51,87.24,20.5
1/3/2019 0:00,89.99,77.42,1.15,34.22,63.76,20.4
2/3/2019 0:00,132.95,97.51,1.36,38.4,58.93,20.56
3/3/2019 0:00,193.57,125.8,1.78,36.32,64.34,21.73
4/3/2019 0:00,119.74,61.7,1.07,24.56,82.73,23.88
5/3/2019 0:00,69.96,62.8,1.2,21.58,81.2,24.48
6/3/2019 0:00,100.42,64.1,1.28,28,78.08,24.25
7/3/2019 0:00,133.65,79.84,1.15,35.89,60.99,23.33
8/3/2019 0:00,131.51,105.24,1.03,34.62,53.4,23.65
9/3/2019 0:00,120.46,88.05,0.8,43.71,51.22,24.99
10/3/2019 0:00,80.08,34.74,0.94,22.81,81.63,25.58
11/3/2019 0:00,97.8,52.73,1.05,21.33,77.28,27.47
12/3/2019 0:00,109.27,44.4,0.94,38.1,72.99,27.79
13-03-2019 00:00,98.85,48.99,1.07,28.7,74.74,28.49
14-03-2019 00:00,126.43,52.15,0.95,50.78,65.59,28.9
15-03-2019 00:00,109.64,81.13,1.05,31.74,70.71,26.29
16-03-2019 00:00,70.97,63.11,0.79,35.07,62.61,26.26
17-03-2019 00:00,93.73,47.78,0.95,50.07,72.01,26.55
18-03-2019 00:00,55.12,68.91,0.78,33.75,66.54,24.67
19-03-2019 00:00,68.78,46.08,0.84,47.47,69.1,26.47
20-03-2019 00:00,81.54,54.65,0.81,30.06,75.88,27.07
21-03-2019 00:00,68.99,23.52,0.73,48.44,70.81,28.05
22-03-2019 00:00,63.81,35.27,0.67,33.34,78.66,27.01
23-03-2019 00:00,99.9,75.2,0.97,32.54,58.89,27.37
24-03-2019 00:00,116.25,74.97,1.11,39.12,46.52,26.63
25-03-2019 00:00,147.95,82.04,1.23,42.26,52.77,27.45
26-03-2019 00:00,128.27,38.88,0.81,46.79,61.12,27.38
27-03-2019 00:00,102.87,63.08,0.68,52.33,55.48,26.66
28-03-2019 00:00,81.11,37.95,0.79,40.3,69.28,27.92
29-03-2019 00:00,70.25,33.19,0.64,24.78,75.49,27.65
30-03-2019 00:00,73.01,27.71,0.69,30.81,76.9,28.32
31-03-2019 00:00,65.12,18.15,0.76,20.9,80.56,28.63
1/4/2019 0:00,45.11,23.44,0.68,29.83,73.61,27.46
2/4/2019 0:00,65.43,22.98,0.75,23.3,78.64,28.61
3/4/2019 0:00,57.81,18.08,0.69,18.73,80.43,28.19
4/4/2019 0:00,56.44,21.04,0.61,20.46,76.31,28.76
5/4/2019 0:00,59.02,25.27,0.61,21.32,74.93,28.15
6/4/2019 0:00,62.35,37.58,0.75,27.34,73.6,26.19
7/4/2019 0:00,41.4,29.19,0.78,45.12,68.75,26.22
8/4/2019 0:00,44.97,29.72,0.69,38.41,64.03,27.38
9/4/2019 0:00,42.41,29.13,0.72,27.5,74.73,26.65
10/4/2019 0:00,35.75,28.79,0.79,22.47,79.55,26.05
11/4/2019 0:00,43.32,19.14,0.77,17.77,80.86,28.54
12/4/2019 0:00,44.58,21.94,0.71,17.17,79.03,29.09
13-04-2019 00:00,57.78,25.16,0.76,33.21,70.63,29.33
14-04-2019 00:00,45.14,16.39,0.71,28.85,76.96,29.25
15-04-2019 00:00,46.14,16.2,0.64,20.24,80.78,29.79
16-04-2019 00:00,64.12,23.75,0.77,32.32,74.57,31.01
17-04-2019 00:00,130.99,52.64,0.89,45.59,58.78,29.91
18-04-2019 00:00,138.16,56.23,0.96,36.64,55.23,29.21
19-04-2019 00:00,84.6,55.67,0.74,42.18,53.83,29.23
20-04-2019 00:00,69.36,35.7,0.78,53.56,55.09,29.08
21-04-2019 00:00,53.24,22.22,0.74,40.06,70.27,28.34
22-04-2019 00:00,62.6,42.94,0.78,37.34,69.73,27.49
23-04-2019 00:00,49.9,43.7,0.72,42.05,63.94,29.74
24-04-2019 00:00,43.06,30.85,0.66,29.55,66.92,30.16
25-04-2019 00:00,38.23,24.82,0.64,22.63,72.54,29.91
26-04-2019 00:00,57.64,26.92,0.6,22.96,73.96,30
27-04-2019 00:00,66.46,23.13,0.66,20.81,75.78,30.85
28-04-2019 00:00,53.06,17.64,0.61,19.12,75.98,31.08
29-04-2019 00:00,50.48,18.14,0.53,14.22,76.13,30.47
30-04-2019 00:00,36.75,19.76,0.56,16.43,70.09,30.27
1/5/2019 0:00,26.87,16.41,0.55,16.33,72.13,30.47
2/5/2019 0:00,28.51,24.83,0.52,13.79,74.53,29.98
3/5/2019 0:00,27.87,21.24,0.69,21.09,86.52,26.84
4/5/2019 0:00,36.75,22.47,0.81,21.9,88,25.38
5/5/2019 0:00,78,0.42,1,20.37,79.91,28.72
6/5/2019 0:00,93.29,2.73,0.67,33.44,73.6,30.9
7/5/2019 0:00,89.7,6.15,0.75,31.34,76.61,30.63
8/5/2019 0:00,92.69,6.55,0.68,27.58,79.98,30.91
9/5/2019 0:00,93.33,5.1,0.65,32.73,81.07,31.04
10/5/2019 0:00,89.64,4.65,0.64,38.05,80,31.19
11/5/2019 0:00,83.24,4.14,0.65,35,76.54,30.97
12/5/2019 0:00,77.89,3.37,0.6,31.96,76.64,30.91
13-05-2019 00:00,68.13,3.92,0.6,30.65,76.91,30.32
14-05-2019 00:00,56.06,7.72,0.68,28.88,70.37,28.81
15-05-2019 00:00,60.11,6.23,0.72,30.59,70.47,29.91
16-05-2019 00:00,57.72,7.1,0.85,33.49,71.12,30.42
17-05-2019 00:00,67.06,4.94,0.75,28.65,78.43,31.07
18-05-2019 00:00,67.14,3.25,0.62,29.33,77.81,31.35
19-05-2019 00:00,66.6,3.17,0.7,33.64,72.83,31.37
20-05-2019 00:00,64.14,4.15,0.71,25.65,75.68,31.34
21-05-2019 00:00,61.46,4.39,0.74,21.19,76.54,31
22-05-2019 00:00,63.23,4.75,0.77,22.67,74.22,31.24
23-05-2019 00:00,50.54,4.56,0.7,28.33,71.56,29.98
24-05-2019 00:00,51.8,5.58,0.67,24.64,71.66,30.87
25-05-2019 00:00,43.88,6.39,0.72,23.48,81.55,28.39
26-05-2019 00:00,50.01,5.83,0.77,25.66,78.19,29.96
27-05-2019 00:00,61.31,5.01,0.72,24.5,76.95,31.12
28-05-2019 00:00,60.08,5.04,0.71,25.74,74.27,31.21
29-05-2019 00:00,60.76,5.43,0.76,33.07,72.82,31.34
30-05-2019 00:00,54.43,5.32,0.67,26.39,75.21,30.97
31-05-2019 00:00,48.72,5.18,0.68,22,73.29,30.41
1/6/2019 0:00,48.97,7.89,0.65,32.35,70.35,30.61
2/6/2019 0:00,42.17,4.91,0.61,29.27,78.86,28.59
3/6/2019 0:00,43.85,7.41,0.66,47.33,69.51,29.38
4/6/2019 0:00,46.28,6.4,0.67,28.14,74.4,30.06
5/6/2019 0:00,37.16,19.24,0.69,22.81,86.61,27.46
6/6/2019 0:00,27.9,19.54,0.76,24.36,82.89,28.52
7/6/2019 0:00,25.09,17.35,0.74,28.54,82.4,28.3
8/6/2019 0:00,20.14,13.77,0.74,26.48,75.22,30
9/6/2019 0:00,37.68,12.2,0.75,29.73,75.3,31.16
10/6/2019 0:00,50.29,13.97,0.74,28.22,76.4,31.37
11/6/2019 0:00,44.83,15.54,0.63,30.8,74.35,31.43
12/6/2019 0:00,46.98,13.75,0.59,27.59,77.67,31.42
13-06-2019 00:00,56.17,24.3,0.85,46,74.75,30.21
14-06-2019 00:00,62.72,17.84,0.89,38.3,74.45,32.9
15-06-2019 00:00,61.99,18.71,0.54,61.42,80.02,30.16
16-06-2019 00:00,42.36,13.6,0.63,70.28,73.91,31.29
17-06-2019 00:00,81.03,25,0.88,62.66,76.6,31.14
18-06-2019 00:00,64.67,31.2,0.88,52.72,83.91,30.07
19-06-2019 00:00,73.08,26.29,0.83,60.34,80.26,30.86
20-06-2019 00:00,57.23,31.76,0.91,35.31,78.68,30.34
21-06-2019 00:00,28.71,25.01,0.75,34.18,86.37,28.73
22-06-2019 00:00,25.3,19.59,0.67,45.24,80.57,29.3
23-06-2019 00:00,24.27,15.29,0.58,39.08,77.32,29.97
24-06-2019 00:00,35.69,17.32,0.54,45.8,75.28,30.74
25-06-2019 00:00,34.01,16.03,0.6,37.47,75.02,30.86
26-06-2019 00:00,31.08,15.97,0.61,35.93,74.38,30.83
27-06-2019 00:00,35.03,16.43,0.63,37.74,75.97,30.67
28-06-2019 00:00,41.01,25.83,0.85,56.64,78.88,29.5
29-06-2019 00:00,61.6,32.59,1.27,46.93,84.52,29.27
30-06-2019 00:00,67.06,34.72,1.34,24.53,86.8,28.25
1/7/2019 0:00,39.27,23.2,1.14,28.89,86.51,28.41
2/7/2019 0:00,29.11,19.37,1.08,42.8,87.62,28.21
3/7/2019 0:00,37.93,25.02,1.05,48.96,83.36,28.56
4/7/2019 0:00,54.22,20.4,1.09,60.11,76.63,30.23
5/7/2019 0:00,44.91,24.03,1.06,39.76,80.9,29.3
6/7/2019 0:00,44.87,24.96,1.05,38.83,85.98,28.2
7/7/2019 0:00,31.47,16.41,0.93,39.67,80.95,28.46
8/7/2019 0:00,51.2,17.11,0.91,50.53,78.89,29.67
9/7/2019 0:00,53.14,18.79,1.05,45.02,79.88,29.91
10/7/2019 0:00,37.84,21.54,1.07,43.08,80.25,29.48
11/7/2019 0:00,43.36,19.53,1.02,40.27,81.54,29.44
12/7/2019 0:00,48.31,20.3,0.93,44.29,80.62,29.67
13-07-2019 00:00,52.69,18.01,0.99,56.14,79.84,30.33
14-07-2019 00:00,58.41,16.88,0.97,68.53,73.83,31.09
15-07-2019 00:00,76.72,25.83,0.95,62.32,72.11,31.54
16-07-2019 00:00,68.98,30.45,1.35,41.23,81.89,29.19
17-07-2019 00:00,96.22,26,1.36,35.93,75.07,30.71
18-07-2019 00:00,64.54,23.43,1.06,25.91,74.49,31.14
19-07-2019 00:00,22.23,16.74,0.87,28.21,72.63,30.65
20-07-2019 00:00,35.83,16.12,0.93,36.78,74.66,30.36
21-07-2019 00:00,38.43,12.01,0.95,41.91,76.88,30.3
22-07-2019 00:00,32.32,13.79,0.93,27.93,75.47,30.49
23-07-2019 00:00,21.73,13.57,0.92,23.72,73.42,30.36
24-07-2019 00:00,22.89,20.02,0.89,30.19,75,29.94
25-07-2019 00:00,49.71,29.68,1.01,48.18,77.52,29.33
26-07-2019 00:00,40.17,28.45,1.05,32.39,88.2,27.72
27-07-2019 00:00,33.61,27.95,1.12,27.9,84.62,28.16
28-07-2019 00:00,19.4,13.94,0.96,26.26,86.94,28.05
29-07-2019 00:00,23.96,22.64,0.94,28.51,90.32,27.21
30-07-2019 00:00,39.16,26.01,1.03,24.06,84.82,28.27
31-07-2019 00:00,39.07,26.81,1.01,30.43,80.21,28.87
1/8/2019 0:00,30.72,26.33,0.96,30.04,76.31,29.4
2/8/2019 0:00,26.37,22.59,1.03,22.76,83.4,28.71
3/8/2019 0:00,31.03,23.15,1.21,22.06,85.2,28.72
4/8/2019 0:00,55.42,29.53,1.41,25.21,90.16,28.37
5/8/2019 0:00,46.81,28.11,1.29,22.57,83.17,29.78
6/8/2019 0:00,35.76,24.59,1.22,19.42,85.52,28.58
7/8/2019 0:00,17.92,15.42,0.98,29.33,92.51,26.92
8/8/2019 0:00,26.81,21.4,1,21.28,92.23,27.01
9/8/2019 0:00,44.7,26.45,1.08,27.38,82.16,29.08
10/8/2019 0:00,50.71,32.53,1.42,28.59,87.14,28.86
11/8/2019 0:00,65.87,29.99,1.49,24.5,84.22,29.66
12/8/2019 0:00,46.62,24.93,1.33,14.97,93.27,27.86
13-08-2019 00:00,24.77,22.41,1.16,25.34,91.63,27.28
14-08-2019 00:00,52.73,25.21,1.15,26.55,88.95,28.38
15-08-2019 00:00,39.89,22.6,1.08,27.12,95.08,27.17
16-08-2019 00:00,53.27,26.33,1.17,27.59,91.32,28.11
17-08-2019 00:00,28.09,26.58,1.1,23.28,98.88,25.07
18-08-2019 00:00,28.29,20.87,0.98,30.48,93.78,26.45
19-08-2019 00:00,33.08,19.89,1,26.05,83.6,28.87
20-08-2019 00:00,45.76,22.53,1.17,30.04,84.97,29.24
21-08-2019 00:00,49,23.14,1.11,25.32,82.11,29.91
22-08-2019 00:00,53.4,29.04,1.2,18.44,85.15,28.71
23-08-2019 00:00,34.68,24.53,1.31,15.38,88.12,28.07
24-08-2019 00:00,41.29,31.61,1.42,11.02,94.99,27.15
25-08-2019 00:00,25.98,19.93,1.07,22.1,94.35,27.12
26-08-2019 00:00,26.24,27.81,1.09,24.48,91.74,27.39
27-08-2019 00:00,32.89,24.84,1.14,25.8,88.78,28.37
28-08-2019 00:00,49.55,29.02,1.27,20.08,89.57,28.41
29-08-2019 00:00,48.01,27.62,1.16,19.02,91.27,28.02
30-08-2019 00:00,54.31,23.21,1.06,17.71,83.61,29.58
31-08-2019 00:00,54.08,21.78,1.04,19.57,80.49,29.95
1/9/2019 0:00,67.9,28.05,1.16,23.17,89.74,28.86
2/9/2019 0:00,49.02,26.3,1.16,13.16,86.73,28.56
3/9/2019 0:00,24.84,22.58,1.17,14.22,91.8,27.87
4/9/2019 0:00,24.43,21.06,1.12,16.75,88.29,28.75
5/9/2019 0:00,26.42,21.25,1.13,19.16,89.02,28.47
6/9/2019 0:00,22.88,19.88,1.11,20.86,86.36,28.7
7/9/2019 0:00,28.55,23.44,1.2,16.63,94.33,27.49
8/9/2019 0:00,29.57,25.76,1.26,17.56,93.26,27.69
9/9/2019 0:00,41.61,24.27,1.22,31.76,86.22,28.97
10/9/2019 0:00,55.21,17.43,1.19,34.78,84.9,29.45
11/9/2019 0:00,47.15,28.92,1.19,20.81,89.07,27.89
12/9/2019 0:00,45.63,31.04,1.22,14.12,94.48,26.56
13-09-2019 00:00,49.53,26.24,1.08,23.57,88.46,28.02
14-09-2019 00:00,60.79,26.56,1.06,35.58,84.84,28.9
15-09-2019 00:00,60.6,19.35,0.99,47.75,79.37,29.68
16-09-2019 00:00,52.27,21.89,1.06,29.28,79.45,29.67
17-09-2019 00:00,44.79,23.45,0.94,16.24,76.75,29.68
18-09-2019 00:00,36.91,21.12,1.02,17.06,81.22,29.01
19-09-2019 00:00,34.44,19.72,1.08,14.9,79.27,29.52
20-09-2019 00:00,56.35,38.29,1.37,13.33,87.45,28.55
21-09-2019 00:00,72.37,39.39,1.45,16.03,90.06,27.28
22-09-2019 00:00,50.62,32.27,1.26,21.63,83,28.19
23-09-2019 00:00,38.31,25.96,1.15,21.61,82.98,28.53
24-09-2019 00:00,29.53,22.47,0.9,11.76,92.63,26.13
25-09-2019 00:00,36.48,33.26,1.16,7.15,97.24,25.17
26-09-2019 00:00,42.54,32.53,1.17,13.78,92.56,25.75
27-09-2019 00:00,45.41,38.11,1.15,18.18,88.37,26.35
28-09-2019 00:00,45.62,36.24,1.17,9.13,93.49,25.51
29-09-2019 00:00,36.04,31.15,0.99,14.02,92.3,25.39
30-09-2019 00:00,35.98,33.6,0.95,19.47,86.3,26.77
1/10/2019 0:00,40.13,44.88,1.1,25.07,80.48,28.54
2/10/2019 0:00,61.83,43.44,1.37,33.78,79.35,29.4
3/10/2019 0:00,23.52,46.28,1.32,23.44,86.6,27.61
4/10/2019 0:00,33.03,36.5,1.21,37.47,81.26,28.79
5/10/2019 0:00,56.22,46.7,1.66,30.12,88.32,28
6/10/2019 0:00,67.74,44.54,1.41,28.16,82.36,28.48
7/10/2019 0:00,56.91,44.61,1.36,26.2,86.87,26.79
8/10/2019 0:00,50.59,33.36,1.39,23.54,81.28,27.43
9/10/2019 0:00,36.6,27.17,1.05,16.78,94.63,25.03
10/10/2019 0:00,47,35.47,1.36,13.92,88.34,26.33
11/10/2019 0:00,76.47,47.28,1.82,21.9,82.87,27.47
12/10/2019 0:00,90.61,52.08,2,28.28,80.52,27.81
13-10-2019 00:00,109.41,51.81,1.4,25.45,83.81,27.23
14-10-2019 00:00,106.67,55,1.26,41.97,75.58,27.23
15-10-2019 00:00,106.42,58.86,1.38,42.26,74.6,27.63
16-10-2019 00:00,93.75,59.17,1.51,27.08,82.48,27.05
17-10-2019 00:00,91.82,60.63,1.73,14.55,92.73,26.08
18-10-2019 00:00,115.77,70.12,2.26,27.12,82.7,27.97
19-10-2019 00:00,118.54,58.78,1.77,33.26,78.1,28.98
20-10-2019 00:00,107.28,54.36,1.43,37.73,78.23,28.3
21-10-2019 00:00,137.78,51.06,1.48,35.77,81.65,27.95
22-10-2019 00:00,115.93,64.18,1.99,32.57,80.27,28.01
23-10-2019 00:00,157.07,66.06,2.01,27.48,85.93,26.55
24-10-2019 00:00,59.34,37.28,1.05,30.53,96.75,22.88
25-10-2019 00:00,35.02,30.69,0.97,23.02,97.74,22.59
26-10-2019 00:00,44.33,37.81,1.23,13.3,92.63,23.37
27-10-2019 00:00,106.05,36.62,1.19,24.84,84.28,24.93
28-10-2019 00:00,165.22,45.44,0.97,35.58,78.57,25.06
29-10-2019 00:00,142.36,50.62,1.38,32.32,80.84,24.6
30-10-2019 00:00,165.46,58.61,1.84,32.61,81.88,25.07
31-10-2019 00:00,196.58,67.4,2.05,32.1,81.84,25.06
1/11/2019 0:00,203.19,69.93,2.03,37.17,81.73,25.28
2/11/2019 0:00,99.34,63.07,1.56,29.66,79.64,25.5
3/11/2019 0:00,128.56,52.47,1.29,29.64,79.38,25.71
4/11/2019 0:00,159.37,69.76,2.09,33.03,81.28,25.69
5/11/2019 0:00,242.51,76.74,2.32,37.14,80.46,25.41
6/11/2019 0:00,247.27,80.67,2.22,37.87,75.71,23.84
7/11/2019 0:00,177.59,87.19,1.41,39.65,72.27,23.46
8/11/2019 0:00,90.88,42.39,1.11,29.75,84.22,23.59
9/11/2019 0:00,25.9,18.89,1.02,31.94,97.56,22.74
10/11/2019 0:00,38.42,25.18,0.93,39.52,87.03,24.36
11/11/2019 0:00,72.46,46.03,1.76,21.57,85.73,24.48
12/11/2019 0:00,188.11,81.49,2.66,37.54,79.05,24.22
13-11-2019 00:00,190.54,89.69,2.1,39.28,78.58,23.13
14-11-2019 00:00,148.45,82.69,2.08,35.9,80.29,23.59
15-11-2019 00:00,143.3,75.06,2.07,29.01,79.76,24.29
16-11-2019 00:00,159.27,78.23,2.19,39.08,80.51,24.2
17-11-2019 00:00,170.33,74.43,2.06,44.35,80.39,23.58
18-11-2019 00:00,216.07,97.53,2.58,44.97,78.9,23.57
19-11-2019 00:00,186.21,89.59,1.97,38.75,74.23,22.77
20-11-2019 00:00,181.7,98.61,2.34,36.84,72.29,22.35
21-11-2019 00:00,180.35,89.3,1.81,41.44,75.38,21.75
22-11-2019 00:00,184.75,95.57,1.66,36.48,76.74,21.97
23-11-2019 00:00,207.09,91.46,2.03,46.07,80.05,22.17
24-11-2019 00:00,231.69,93.37,2.2,43.76,78.79,22.25
25-11-2019 00:00,226.29,107.62,2.58,38.44,80.71,22.79
26-11-2019 00:00,221.23,108.46,3.19,38.86,82.37,23.18
27-11-2019 00:00,209.46,91.34,2.04,37.9,81.93,23.15
28-11-2019 00:00,135.9,86.39,1.66,34.58,79.41,23.46
29-11-2019 00:00,174.5,95.65,2.65,34.16,79.74,23.6
30-11-2019 00:00,226.96,82.93,2.65,33.27,79.67,23.3
1/12/2019 0:00,201.42,45.62,1.94,40.07,78.72,22.12
2/12/2019 0:00,181.15,52.04,1.6,34.14,72.44,21.54
3/12/2019 0:00,208.05,62.73,1.92,36.03,75.6,20.47
4/12/2019 0:00,211.47,64.87,1.63,39.75,68.36,20.23
5/12/2019 0:00,168.66,59.69,1.45,38.52,72.64,20.44
6/12/2019 0:00,135.52,54.73,1.56,33.9,75.46,21.5
7/12/2019 0:00,143.39,57.44,1.88,35.2,74.87,22.51
8/12/2019 0:00,167.75,50.8,1.64,31.22,71.41,23.33
9/12/2019 0:00,127.4,56.52,1.36,37.97,71.68,22
10/12/2019 0:00,132.18,72.35,1.17,35.79,61.98,21.34
11/12/2019 0:00,131.76,44.36,1.41,53.87,70.69,21.92
12/12/2019 0:00,111.02,46.88,1.64,45.82,76.83,22.11
13-12-2019 00:00,181.22,50.77,1.61,52.72,73.75,22.28
14-12-2019 00:00,223.18,55.77,2.25,51.05,77.62,22.6
15-12-2019 00:00,175.44,43.13,1.37,43.69,80.88,21.27
16-12-2019 00:00,113.3,45.63,1.32,35.38,74.37,20.81
17-12-2019 00:00,137.98,42.11,1.45,51.66,74.67,20.5
18-12-2019 00:00,155.81,32.59,1.43,73.03,71.94,17.7
19-12-2019 00:00,153.72,40.12,0.97,57.37,69.24,15.66
20-12-2019 00:00,190.71,45.17,2.15,47.95,73.95,15.3
21-12-2019 00:00,268.85,51.88,2.62,40.82,79.32,15.98
22-12-2019 00:00,249.5,48.47,2.7,34.36,85.77,15.49
23-12-2019 00:00,253.96,48.61,2.09,46.11,79.31,17.68
24-12-2019 00:00,259.41,56.35,3.68,40.18,78.62,17.15
25-12-2019 00:00,258.71,69.5,4.02,40.57,73.94,18.3
26-12-2019 00:00,219.99,52.31,3.69,26.91,78.81,16.52
27-12-2019 00:00,138.44,39.11,2.55,40.58,83.75,15.34
28-12-2019 00:00,221.93,44.9,3.46,34.19,82,14.68
29-12-2019 00:00,177.24,47.4,3.32,44.11,70.47,15.91
30-12-2019 00:00,228.83,49.82,3.08,30.29,75.79,15.65
31-12-2019 00:00,227.77,52.83,3.78,30.95,78.83,16.37
1/1/2020 0:00,269.79,61.78,4.35,33.57,77.17,17.81
2/1/2020 0:00,229.27,59.41,4.35,27.66,73.85,19.39
3/1/2020 0:00,97.61,34.23,2.74,16.43,94.56,17.02
4/1/2020 0:00,116.56,29.85,3.29,6.09,95.4,16.88
5/1/2020 0:00,183.86,21.02,4.6,10.36,94.55,16.48
6/1/2020 0:00,190.27,37.6,3.86,31.26,80.35,16.24
7/1/2020 0:00,196.49,41.7,3.08,40.35,83.02,15.97
8/1/2020 0:00,230.23,43.7,1.37,36.13,79.35,17.56
9/1/2020 0:00,158.36,65.76,1.4,18.97,85.38,18.05
10/1/2020 0:00,149.12,52.81,1.28,26.25,77.19,17.52
11/1/2020 0:00,153.43,48.35,1.34,35.81,80.89,15.5
12/1/2020 0:00,144.48,54.42,1.27,40.91,77.56,16.18
13-01-2020 00:00,177.28,74.26,1.14,47.43,74.81,16.26
14-01-2020 00:00,283.17,117.3,1.57,37.1,75.58,17.33
15-01-2020 00:00,326.14,138.8,2.08,47.92,76.32,18.67
16-01-2020 00:00,284.26,108.03,1.83,65.14,74.39,20.1
17-01-2020 00:00,210.67,98.72,1.29,42.67,75.85,20.61
18-01-2020 00:00,176.09,95.26,1.31,32.47,72.3,20.73
19-01-2020 00:00,169.6,63.49,1.64,41.73,77.47,20.27
20-01-2020 00:00,129.43,59.46,1.37,49.14,76.75,18.24
21-01-2020 00:00,180.2,91.89,1.4,49.94,75.07,17.61
22-01-2020 00:00,232.34,119.3,0.53,46.96,76.49,18.6
23-01-2020 00:00,219.02,91.16,0.89,40.16,79.26,19.26
24-01-2020 00:00,167.95,88.66,0.51,47.82,64.45,18.01
25-01-2020 00:00,146.96,100.72,0.34,51.65,64.97,16.74
26-01-2020 00:00,243.21,102.92,0.77,55.69,73.08,17.27
27-01-2020 00:00,227.98,96.89,0.8,49.3,76.66,16.88
28-01-2020 00:00,227.26,90.75,0.41,60.96,70.59,19.52
29-01-2020 00:00,86.15,39.54,0.38,56.07,86.8,20.61
30-01-2020 00:00,112.57,48.54,0.68,33.26,93.65,20.01
31-01-2020 00:00,159.45,62.29,0.46,40.06,77.85,19.02
1/2/2020 0:00,142.03,66.57,0.37,60.71,65.02,18.94
2/2/2020 0:00,99.08,28.37,0.85,78.75,78.75,19.03
3/2/2020 0:00,109.83,82.74,0.28,68.27,56.94,18.4
4/2/2020 0:00,193.4,92.2,0.41,55.7,66.75,17.68
5/2/2020 0:00,213.93,79.28,0.44,63.93,64.96,20.39
6/2/2020 0:00,153.47,67.39,0.37,56.12,68.8,20.06
7/2/2020 0:00,173.3,68.62,0.28,47.83,61.02,19.51
8/2/2020 0:00,227.27,71.85,0.36,19.04,73.83,17.83
9/2/2020 0:00,168.46,57.59,0.43,61.7,67.48,19.06
10/2/2020 0:00,170.34,85.37,0.34,56.63,67.77,17.84
11/2/2020 0:00,224.39,98.85,0.37,56.91,65.65,18.27
12/2/2020 0:00,232.37,111.34,0.4,55.77,67.32,18.32
13-02-2020 00:00,221.49,111.76,0.44,58.78,63.15,19.47
14-02-2020 00:00,235.31,98.55,0.35,62.78,65.88,21.17
15-02-2020 00:00,147.87,87.29,0.6,56.56,62.85,21.26
16-02-2020 00:00,215.97,89.57,0.41,59.67,67.53,21.25
17-02-2020 00:00,198.65,94.01,0.37,58.36,68.83,21.66
18-02-2020 00:00,186.1,80.33,0.43,61.12,73.96,22.13
19-02-2020 00:00,128.85,53.34,0.38,61.5,75.73,22.71
20-02-2020 00:00,93.71,47.14,0.3,74.79,71.43,23.63
21-02-2020 00:00,167.44,90.61,0.4,51.6,71.32,22.65
22-02-2020 00:00,226.89,93.01,0.46,60.06,66.04,22.93
23-02-2020 00:00,204.04,71.88,0.4,47.48,66.49,23.59
24-02-2020 00:00,216.86,82.31,0.44,29.56,76.43,22.19
25-02-2020 00:00,145.12,75.4,0.62,13.49,85.34,20.04
26-02-2020 00:00,84.43,47.21,0.61,9.76,74.66,21.77
27-02-2020 00:00,87.03,64.72,0.89,43.27,71.6,22.33
28-02-2020 00:00,143.87,62.87,1.85,64.13,65.54,22.44
29-02-2020 00:00,149.42,80.46,1.44,58.52,64.61,22.59
1/3/2020 0:00,190.77,78.95,2.27,65.83,69.29,23.42
2/3/2020 0:00,211.15,74.76,2.08,57.86,69.15,24.84
3/3/2020 0:00,147.24,58.22,1.88,65.84,75.1,23.88
4/3/2020 0:00,83.11,45.16,1.32,51.4,76.41,23.59
5/3/2020 0:00,65.48,53.71,1.84,43.94,79.18,22.3
6/3/2020 0:00,74.21,47.17,1.28,30.37,78.5,24.14
7/3/2020 0:00,56,41.01,1.67,36.48,86.23,23.55
8/3/2020 0:00,70.76,47.41,1.53,48.5,76.49,24.51
9/3/2020 0:00,110.12,56.34,1.14,71.08,65.49,23.67
10/3/2020 0:00,134.65,67.04,1.59,71.99,62.42,24.26
11/3/2020 0:00,102.62,53.9,1.73,76.02,64.76,26.01
12/3/2020 0:00,111.25,54.61,1.69,50.46,70.57,26.22
13-03-2020 00:00,102.97,65.01,1.7,56.16,69.2,27.46
14-03-2020 00:00,96.08,27.93,1.27,92.89,60.4,25.77
15-03-2020 00:00,54.61,41.75,1.44,66.99,67.54,24.02
16-03-2020 00:00,118.62,64.51,1.84,60.44,69.94,25.79
17-03-2020 00:00,128.2,70.71,1.7,75.15,61.36,26.72
18-03-2020 00:00,163.49,80.48,2.05,68.25,60.69,26.18
19-03-2020 00:00,166.21,79.74,1.66,64.06,58.29,26.33
20-03-2020 00:00,79.32,54.56,1.33,89.16,52.5,26.12
21-03-2020 00:00,76.09,37.28,1.42,81.93,66.58,26.64
22-03-2020 00:00,28.24,24.88,1.09,87.1,64.4,24.4
23-03-2020 00:00,52.45,27.18,1.31,87.34,68.53,26.32
24-03-2020 00:00,51.16,18.78,1.31,74.65,68.87,26.9
25-03-2020 00:00,72.19,22.3,1.55,64.99,73.62,27.09
26-03-2020 00:00,55.17,18.21,1.3,76.65,62.2,28.8
27-03-2020 00:00,82.89,20.5,1.4,91.6,53.96,29.76
28-03-2020 00:00,73.56,19.83,1.41,92.33,55.28,30.44
29-03-2020 00:00,63.2,17.64,1.27,106.22,51.84,29.46
30-03-2020 00:00,57.37,21.96,1.26,108.73,48.37,29.39
31-03-2020 00:00,72.92,27.59,1.31,101.91,49.76,29.27
1/4/2020 0:00,75.11,14.29,1.64,107.46,64.87,29.72
2/4/2020 0:00,56.46,13.2,1.72,85.86,69.55,29.08
3/4/2020 0:00,65.32,17.63,1.76,88.11,64.16,30.31
4/4/2020 0:00,74.31,19.46,1.04,97.94,53.11,30.65
5/4/2020 0:00,62.53,12.27,0.68,66.29,62.12,30.48
6/4/2020 0:00,59.54,17.53,0.51,55.59,55.7,30.51
7/4/2020 0:00,65.03,11.48,0.55,68.6,58.41,30.27
8/4/2020 0:00,33.12,12.74,0.44,68.1,52.79,29.24
9/4/2020 0:00,32.73,15.32,0.52,85.82,48.28,29.1
10/4/2020 0:00,27.83,8.5,0.65,50.56,70.53,29.2
11/4/2020 0:00,30.48,7.44,0.56,38.33,68.89,29.62
12/4/2020 0:00,39.87,7.47,0.59,36.83,69.41,28.81
13-04-2020 00:00,36.89,6.68,0.7,35.66,75.87,29.6
14-04-2020 00:00,50.56,5.66,0.64,30.82,75.72,30.23
15-04-2020 00:00,52.02,8.87,0.64,31.78,77.69,28.59
16-04-2020 00:00,57.41,13.73,0.66,30.15,74.29,27.95
17-04-2020 00:00,44.74,7.73,0.59,32.95,71.42,29.83
18-04-2020 00:00,29.06,9.44,0.6,28.96,74.1,28.67
19-04-2020 00:00,31.65,8.42,0.58,42.85,66.59,28.9
20-04-2020 00:00,29.75,8.81,0.64,28.32,78.23,28.7
21-04-2020 00:00,29.07,17.01,0.48,35.82,72.45,23.85
22-04-2020 00:00,28.21,13.28,0.58,31.8,75.34,26.54
23-04-2020 00:00,29.58,11.35,0.61,24.11,80.79,26.89
24-04-2020 00:00,31.67,9.91,0.55,32.23,79.41,26.03
25-04-2020 00:00,31.53,10.34,0.53,40.32,73.2,27.69
26-04-2020 00:00,33.37,10.14,0.56,41.97,73.61,27.52
27-04-2020 00:00,31.68,10.21,0.53,28.53,81.85,25.97
28-04-2020 00:00,33.89,12.64,0.64,26.11,86.48,24.95
29-04-2020 00:00,32.1,14.28,0.58,30.01,77.22,26.96
30-04-2020 00:00,32.02,12.35,0.61,33.6,74.42,28.17
1/5/2020 0:00,31.51,10.58,0.47,35.94,83.25,25.32
2/5/2020 0:00,31.87,14.85,0.65,26.84,83.19,25.76
3/5/2020 0:00,30.28,12.51,0.64,35.75,76.2,27.65
4/5/2020 0:00,33.5,12.83,0.63,26.95,79.41,28.69
5/5/2020 0:00,33.74,11.18,0.61,29.2,77.21,28.99
6/5/2020 0:00,31.29,16.18,0.58,36.45,81.49,26.8
7/5/2020 0:00,34.45,11.9,0.54,39.2,74.02,28.29
8/5/2020 0:00,31.98,10.13,0.58,43.46,73.09,28.66
9/5/2020 0:00,38.34,10.75,0.64,41.39,66.4,31.41
10/5/2020 0:00,35.97,9.78,0.61,38.11,74.39,29.91
11/5/2020 0:00,32.45,12.93,0.55,37.04,80.35,24.8
12/5/2020 0:00,99.08,28.37,0.85,39.45,78.78,26.17
13-05-2020 00:00,99.08,28.37,0.85,39.45,78.78,26.17
14-05-2020 00:00,99.08,28.37,0.85,39.45,78.78,26.17
15-05-2020 00:00,99.08,28.37,0.85,39.45,78.78,26.17
16-05-2020 00:00,99.08,28.37,0.85,39.45,78.78,26.17
17-05-2020 00:00,99.08,28.37,0.85,39.45,78.78,26.17
18-05-2020 00:00,99.08,28.37,0.85,39.45,78.78,26.17
19-05-2020 00:00,99.08,28.37,0.85,39.45,78.78,26.17
20-05-2020 00:00,99.08,28.37,0.85,39.45,78.78,26.17
21-05-2020 00:00,99.08,28.37,0.85,39.45,78.78,26.17
22-05-2020 00:00,44.44,11.06,0.69,26.44,87.81,28.74
23-05-2020 00:00,35.74,8.82,0.65,28.79,81.91,29.77
24-05-2020 00:00,31.34,7.34,0.67,29.95,81.89,29.76
25-05-2020 00:00,50.25,8.42,0.64,27.01,81.34,29.63
26-05-2020 00:00,26.2,8.82,0.66,23.24,81.58,29.37
27-05-2020 00:00,6.8,10.91,0.61,26.5,81.69,28.32
28-05-2020 00:00,28.06,23.94,0.65,33.33,91.81,24.2
29-05-2020 00:00,32.7,14.45,0.62,34.27,78.13,28.88
30-05-2020 00:00,30.63,12.88,0.56,34.21,77.1,29.53
31-05-2020 00:00,26.61,15,0.64,36.75,75.91,29.03
1/6/2020 0:00,28.81,19.22,0.64,26.18,81.22,28.39
2/6/2020 0:00,29.13,18.81,0.57,28.67,79.81,28.88
3/6/2020 0:00,28.41,15.9,0.63,35.15,77.25,29.77
4/6/2020 0:00,31.09,14.61,0.68,24.91,79.49,30.45
5/6/2020 0:00,28.13,13.15,0.67,25.75,78.75,30.15
6/6/2020 0:00,35.24,14.41,0.71,35.52,73.44,31.46
7/6/2020 0:00,44.04,17.72,0.68,36.34,82.5,29.43
8/6/2020 0:00,42.77,30.27,0.72,24.88,82.67,29.54
9/6/2020 0:00,39.71,18.75,0.65,23.36,77.07,31.08
10/6/2020 0:00,30.39,17.95,0.66,20.24,80.4,29.95
11/6/2020 0:00,12.36,17.55,0.79,17.25,90.98,28.07
12/6/2020 0:00,15.63,22.71,0.71,19.04,96.61,27.17
13-06-2020 00:00,23.54,19.84,0.7,19.69,93.08,28.28
14-06-2020 00:00,20.23,16.81,0.72,20.19,96.91,27.61
15-06-2020 00:00,26.61,23.04,0.75,21.75,89.73,28.41
16-06-2020 00:00,23.52,24.41,0.7,20.57,92.86,27.96
17-06-2020 00:00,33.77,24.15,0.7,19.57,89.74,28.47
18-06-2020 00:00,37.62,24.45,0.7,22.95,88.39,28.87
19-06-2020 00:00,41.65,25.65,0.72,22.99,87.2,29.14
20-06-2020 00:00,27.31,15.74,0.72,19.69,86.41,28.98
21-06-2020 00:00,22.29,14.25,0.65,24.64,92.27,27.96
22-06-2020 00:00,32.1,17.98,0.68,25.56,88.7,28.62
23-06-2020 00:00,42.44,20.69,0.7,28.05,86.36,29.26
24-06-2020 00:00,46.38,15.1,0.66,41.13,79.91,30.35
25-06-2020 00:00,39.3,28.37,0.57,31.78,76.83,30.19
26-06-2020 00:00,19.41,15.55,0.67,30.46,78.56,29.3
27-06-2020 00:00,16.44,28.37,0.69,30.99,88.05,27.78
28-06-2020 00:00,18.9,28.37,0.68,39.52,91.69,27.32
29-06-2020 00:00,34.56,200.87,0.79,37.18,90.48,27.89
30-06-2020 00:00,38.62,29,0.68,29.83,84.38,29.42
1/7/2020 0:00,33.94,18.54,0.73,34.44,78.48,30.58
2/7/2020 0:00,32.89,16.66,0.63,38.39,74.79,30.84
3/7/2020 0:00,32.61,19.53,0.66,26.67,78.49,30.33
4/7/2020 0:00,24.7,17.58,0.66,22.61,84.15,29.41
5/7/2020 0:00,21.98,15.35,0.67,27.17,91.47,28.16
6/7/2020 0:00,25.66,20.87,0.74,29.93,92.73,27.78
7/7/2020 0:00,31.93,15.8,0.77,36.65,90.4,28.67
8/7/2020 0:00,51.68,17.52,0.71,37.22,85.85,29.38
9/7/2020 0:00,44.54,11.39,0.72,39.59,84.87,29.51
10/7/2020 0:00,33.45,6.86,0.76,43.16,78.75,30.17
11/7/2020 0:00,39.84,10.45,0.67,40.22,87.53,28.57
12/7/2020 0:00,48.1,8.99,0.62,55.74,84.23,29.51
13-07-2020 00:00,49.55,14.46,0.76,43.32,88.94,28.48
14-07-2020 00:00,43.35,8.38,0.67,46.34,82.06,29.45
15-07-2020 00:00,26.06,11.05,0.63,32.16,86.4,28.29
16-07-2020 00:00,13.59,7.52,0.68,31.76,78.38,29.53
17-07-2020 00:00,15.57,6.75,0.68,31.56,77.89,29.71
18-07-2020 00:00,18.69,5.35,0.71,34.12,84.47,28.57
19-07-2020 00:00,99.08,28.37,0.85,39.45,78.75,26.17
20-07-2020 00:00,39.92,13.83,0.81,29.01,85.13,29.11
21-07-2020 00:00,31.48,12.7,0.72,28.26,90.67,27.93
22-07-2020 00:00,31.13,16.85,0.72,28.28,91.4,27.77
23-07-2020 00:00,20.23,6.37,0.74,44.46,94.7,26.2
24-07-2020 00:00,36.81,16.71,0.77,28.71,90.37,27.87
25-07-2020 00:00,32.4,6.8,0.67,41.93,82.72,29.13
26-07-2020 00:00,38.79,8.24,0.76,51.35,80.73,30.34
27-07-2020 00:00,55.68,22.06,0.75,33.69,87.9,29.28
28-07-2020 00:00,55.88,18.45,0.73,32.63,84.47,29.52
29-07-2020 00:00,23.87,0.34,0.71,1.03,87.71,28.36
30-07-2020 00:00,23.83,3.36,0.67,23.44,79.79,29.95
31-07-2020 00:00,25.27,6.35,0.69,14.44,80.65,29.9
1/8/2020 0:00,19.18,3.86,0.62,27.46,80.2,30.44
2/8/2020 0:00,29.02,5.48,0.78,40.11,83.6,30.41
3/8/2020 0:00,70.78,15.08,1.05,54.93,84.11,30.72
4/8/2020 0:00,43.49,19.74,1.37,26.28,98.64,26.34
5/8/2020 0:00,7.37,28.37,1.27,45.62,97.27,27.08
6/8/2020 0:00,99.08,10.77,1.29,36.57,96.21,27.06
7/8/2020 0:00,65.91,8.39,1.19,40.27,88.97,28.8
8/8/2020 0:00,42.64,3.38,1.21,51.42,89.59,29.08
9/8/2020 0:00,32.51,1.6,1.17,44.28,85.04,28.93
10/8/2020 0:00,31.94,4.41,1,34.6,82.88,29.73
11/8/2020 0:00,37.78,4.3,1.16,49.15,83.22,29.96
12/8/2020 0:00,44.81,12.22,1.18,49.21,82.84,29.87
13-08-2020 00:00,33.63,12.32,1.08,38.3,80.95,29.8
14-08-2020 00:00,36.79,15.71,1.04,30.86,87.54,29.01
15-08-2020 00:00,20.91,13.26,1.28,36.44,92.07,28.24
16-08-2020 00:00,25.69,14.6,1.08,36.3,88.94,28.61
17-08-2020 00:00,29.51,23.41,1.17,25.71,92.8,27.54
18-08-2020 00:00,22.46,25.96,1.29,27.61,93.37,27.53
19-08-2020 00:00,15.85,14.68,1.26,31.36,93.94,27.18
20-08-2020 00:00,8.51,6.59,1.07,38.76,97.78,26.51
21-08-2020 00:00,15.86,7.62,1.03,33.45,98.42,26.22
22-08-2020 00:00,31.98,30.39,1.37,27.27,94.05,27.38
23-08-2020 00:00,39.25,24.57,1.16,29.61,92.59,27.85
24-08-2020 00:00,49.05,34.75,1.21,32.62,93.24,27.23
25-08-2020 00:00,45.09,23.8,1.3,42.2,85.56,28.96
26-08-2020 00:00,16.64,17.52,1.13,35.96,94.7,27.17
27-08-2020 00:00,18.43,8.17,1.01,38.41,96.7,26.4
28-08-2020 00:00,36.94,17.1,1.14,37.81,89.87,28.12
29-08-2020 00:00,46.2,15.85,1.09,48.51,83.27,29.66
30-08-2020 00:00,49.08,17.44,1.2,49.41,81.87,30.38
31-08-2020 00:00,50.63,12.59,1.25,49.06,84.08,30.69
1/9/2020 0:00,45.6,31.81,1.28,24.91,96.49,26.43
2/9/2020 0:00,32.85,27.77,1.13,20.61,94.15,26.49
3/9/2020 0:00,26.44,22.12,1.13,23.19,85.55,28.49
4/9/2020 0:00,35.1,28.18,1.26,22.79,86.22,28.94
5/9/2020 0:00,36.87,16.87,1.11,26.99,80.98,29.75
6/9/2020 0:00,26.29,12.73,1.07,28.09,82.02,29.89
7/9/2020 0:00,20.33,9.78,1.11,30.89,82.25,29.66
8/9/2020 0:00,28.32,24.89,1.26,29,87.92,28.75
9/9/2020 0:00,52.82,28.27,1.27,34.53,84.69,29.21
10/9/2020 0:00,32.03,18.03,1.33,35.48,88.84,28.78
11/9/2020 0:00,16.96,6.59,1.09,35.21,81.46,29.37
12/9/2020 0:00,18.33,10.99,1.12,23.39,80.89,29.54
13-09-2020 00:00,17.67,10.44,1.2,21.75,82.35,29.49
14-09-2020 00:00,26.46,13.02,1.19,20.77,81.35,29.65
15-09-2020 00:00,24.35,17.75,1.23,25.61,85.31,28.87
16-09-2020 00:00,22.7,12.98,1.3,32.06,80.76,29.97
17-09-2020 00:00,24.71,9.46,1.3,46.12,79.94,30.3
18-09-2020 00:00,26.95,17.91,1.37,35.67,80.34,30.03
19-09-2020 00:00,48.52,26.03,1.39,41.82,80.06,30.43
20-09-2020 00:00,40.6,19.44,1.37,39.47,85.7,28.8
21-09-2020 00:00,18.78,12.07,1.2,27.48,90.19,27.9
22-09-2020 00:00,25.14,17.29,1.4,30.99,90.88,28.19
23-09-2020 00:00,22.52,18.54,1.22,21.92,94.83,27.16
24-09-2020 00:00,32.48,15.8,1.34,32.68,90.95,28.39
25-09-2020 00:00,42.7,19.54,1.29,29.77,93.25,27.68
26-09-2020 00:00,48.98,24.8,1.36,32.71,93.47,27.94
27-09-2020 00:00,53.27,19.06,1.3,61.11,80.03,29.05
28-09-2020 00:00,99.39,35.45,1.46,44.95,89.72,28.82
29-09-2020 00:00,47.02,22.32,0.36,38.49,82.38,29.74
30-09-2020 00:00,33.72,23.27,0.39,35.76,82.41,29.32
1/10/2020 0:00,33.22,19.21,0.33,33.65,81.83,28.86
2/10/2020 0:00,21.55,11.77,0.27,42.33,86.63,28.38
3/10/2020 0:00,29.8,17.18,0.58,35.52,89.81,28.13
4/10/2020 0:00,40.9,19.31,0.48,27.8,91.65,27.82
5/10/2020 0:00,30.69,20.75,0.45,16.75,88.46,28
6/10/2020 0:00,26.95,19.49,0.38,12.42,87.33,28.11
7/10/2020 0:00,27.68,20.65,0.42,10.51,88.47,27.9
8/10/2020 0:00,48.01,29.5,0.53,24.03,87.06,28.59
9/10/2020 0:00,68.66,26.4,0.61,23.68,88.44,28.76
10/10/2020 0:00,70.74,41.71,0.69,18.97,88.58,28.16
11/10/2020 0:00,60.42,30.23,0.71,34.28,84.81,28.93
12/10/2020 0:00,84.67,38.59,1.12,32.15,81.61,29.67
13-10-2020 00:00,82.7,25.5,0.73,30.93,77.35,30.12
14-10-2020 00:00,26.79,20.63,0.37,34.25,77.44,29.87
15-10-2020 00:00,24.74,30.59,0.37,27.87,78.16,29.66
16-10-2020 00:00,75.61,47.68,1.12,90.37,89.09,28.01
17-10-2020 00:00,96.53,67,1.04,78.63,81.19,29.64
18-10-2020 00:00,101.68,52.56,0.79,53.2,84.28,28.83
19-10-2020 00:00,67.88,52.87,1.02,42.36,87.83,28.11
20-10-2020 00:00,93.76,48.9,0.54,70.87,77.74,29.39
21-10-2020 00:00,17.62,29.46,0.37,44.5,83.36,28.16
22-10-2020 00:00,12.53,28.25,0.33,37.37,90.6,25.8
23-10-2020 00:00,14.17,27.56,0.36,32.47,95.49,24.95
24-10-2020 00:00,26.16,38.43,0.54,37.71,86.36,26.35
25-10-2020 00:00,59.42,56.6,1,44.52,84.67,27.18
26-10-2020 00:00,110.3,64.84,1.35,58.87,78.28,26.48
27-10-2020 00:00,128.01,73.44,1,57.33,72.2,26.05
28-10-2020 00:00,153.98,74.78,0.94,57.18,77.81,25.64
29-10-2020 00:00,121.84,63.3,0.7,50.32,77.44,26.98
30-10-2020 00:00,89.95,48.28,0.56,73.18,70.84,27.84
31-10-2020 00:00,108.19,52.12,0.63,67.1,78.2,27.08
1/11/2020 0:00,23.91,29.88,0.3,42.58,82.36,27.88
2/11/2020 0:00,31.2,52.02,0.62,41.06,81.71,27.77
3/11/2020 0:00,162.35,77.47,1.11,79.51,74.18,26.75
4/11/2020 0:00,202.77,111.82,1.31,70.38,59.39,24.93
5/11/2020 0:00,196.62,133.26,1.36,68.97,63.46,24.33
6/11/2020 0:00,224.07,136.29,2.04,59.4,64.4,24.13
7/11/2020 0:00,202.61,119.49,1.72,51.85,64.53,22.71
8/11/2020 0:00,166.62,89.95,1.3,44.56,68.74,23.15
9/11/2020 0:00,124.95,80.54,1.33,28.57,71.21,23.84
10/11/2020 0:00,108.93,61.95,1.14,40.81,69.14,25.45
11/11/2020 0:00,80.01,46.88,0.73,42.34,60.28,26.52
12/11/2020 0:00,114.7,54.34,0.85,33.49,65.3,25.12
13-11-2020 00:00,109.96,53.53,0.83,45.06,59.4,25.84
14-11-2020 00:00,127.48,51.66,0.96,56.44,60.15,25.13
15-11-2020 00:00,174.5,47.03,0.88,47.64,64.04,24.49
16-11-2020 00:00,161.71,53.64,1.18,34.16,73.73,22.88
17-11-2020 00:00,207.57,67.37,1.49,53.01,72.65,24.05
18-11-2020 00:00,176.83,61.85,1,56.37,70.83,25.35
19-11-2020 00:00,101.98,42.46,0.62,55.93,76.7,25.71
20-11-2020 00:00,118.12,45.26,0.75,41.15,80.75,26.47
21-11-2020 00:00,171.91,36.56,1.36,26.18,94.15,23.16
22-11-2020 00:00,133.35,35.56,0.85,42.06,64.47,21.52
23-11-2020 00:00,151.91,45.31,1.2,46.92,63.02,20.04
24-11-2020 00:00,168.1,49.07,1.12,34.35,73.28,19.86
25-11-2020 00:00,161.77,50.3,1.2,24.78,75.96,20.87
26-11-2020 00:00,181.88,44.27,1.25,27.58,81.47,20.92
27-11-2020 00:00,134.69,33.83,0.63,28.28,68.67,22.66
28-11-2020 00:00,144.2,37.36,0.95,47.54,65.96,22.21
29-11-2020 00:00,185.89,46.37,1.17,44.17,72,20.92
30-11-2020 00:00,183.35,55.43,1.5,39.31,66.52,20.73
1/12/2020 0:00,233.01,59.7,1.7,44.96,72.42,20.53
2/12/2020 0:00,256.51,63.98,1.73,34.03,75.27,20.46
3/12/2020 0:00,266.77,66.78,1.68,47.53,73.13,21.03
4/12/2020 0:00,260.83,67.57,1.71,35.59,76.29,21.34
5/12/2020 0:00,216.76,55.15,1.01,35.69,76.82,21.48
6/12/2020 0:00,183.11,44.63,0.85,42.98,78.66,21.96
7/12/2020 0:00,153.63,48.36,1.41,38.37,77.22,22.35
8/12/2020 0:00,251.42,47.07,1.36,26.53,90.02,20.6
9/12/2020 0:00,237.69,41.08,1.18,25.25,88.73,20.41
10/12/2020 0:00,225.79,43.89,1.38,30.84,85.94,20.72
11/12/2020 0:00,202.91,33.52,1.02,25.68,92.62,18.73
12/12/2020 0:00,204.62,37.82,0.92,34.13,83.09,18.94
13-12-2020 00:00,210.41,49.43,1.29,34.01,82.25,20.53
14-12-2020 00:00,216.5,52.52,1.34,31.15,77.15,21.16
15-12-2020 00:00,187.74,48.94,1.23,36.98,71.4,21.27
16-12-2020 00:00,188.8,51.72,1.05,33.46,64.44,21.54
17-12-2020 00:00,212.14,64.19,1.45,35.3,72.54,20.07
18-12-2020 00:00,204.68,53.56,1.01,44.16,67.63,18.66
19-12-2020 00:00,182.57,40.99,0.73,62.53,57.94,16.61
20-12-2020 00:00,215.78,38.88,0.84,60.07,65.75,15.75
21-12-2020 00:00,268.24,56.6,1.46,41.96,78.17,15.77
22-12-2020 00:00,297.63,59.14,1.42,40.02,79.19,16.71
23-12-2020 00:00,259.94,70.02,1.85,36.09,77,17.86
24-12-2020 00:00,252.59,67.28,1.84,37.41,75.94,18.66
25-12-2020 00:00,263.26,65.55,1.47,40.07,75.19,17.93
26-12-2020 00:00,243.92,56.85,1.32,45.25,70.27,17.22
27-12-2020 00:00,262.68,61.5,1.29,50.7,70.45,16.4
28-12-2020 00:00,283.64,73.7,1.94,48.32,74.38,16.61
29-12-2020 00:00,379.81,114.26,2.67,47.05,71.61,17.41
30-12-2020 00:00,253.86,83.95,1.42,38.38,71.47,17.79
31-12-2020 00:00,229.64,82.6,1.13,36.93,64.6,17.94
1/1/2021 0:00,234.86,71.75,1.3,47.12,68.2,17.51
2/1/2021 0:00,272.66,88.07,1.62,38.35,71.96,17.08
3/1/2021 0:00,304.39,88.63,1.84,44.18,74.35,17.9
4/1/2021 0:00,258.49,95.15,1.81,19.61,79.17,18.07
5/1/2021 0:00,208.14,87.2,1.79,34.52,70.69,20.82
6/1/2021 0:00,261.41,117.59,2.62,44.23,73.06,21.68
7/1/2021 0:00,262.39,100.86,1.87,36.51,68.06,23.24
8/1/2021 0:00,214.6,80.35,1.26,34.45,66.77,22.75
9/1/2021 0:00,172.87,62.7,0.78,50.42,63.23,23.13
10/1/2021 0:00,162.89,56.94,0.66,40.08,69.58,23.48
11/1/2021 0:00,176.63,57.93,0.79,33.46,75.06,23.25
12/1/2021 0:00,164.03,42.59,0.53,59.6,66.65,21.76
13-01-2021 00:00,171.88,35.37,0.56,70.29,65.29,19.15
14-01-2021 00:00,189.64,42.03,0.58,69.42,60.45,19.69
15-01-2021 00:00,207.48,63.87,0.93,60.23,61.88,18.7
16-01-2021 00:00,251.23,47.62,0.81,58.87,70.85,17.93
17-01-2021 00:00,270.22,50.92,0.87,57.19,73.68,17.48
18-01-2021 00:00,252.39,76.83,1.49,39.65,80.38,17.45
19-01-2021 00:00,232.55,64.39,0.91,49.87,81.36,19.45
20-01-2021 00:00,177.96,57.98,0.84,35.51,83.38,21.93
21-01-2021 00:00,206.93,74.63,1.08,51.24,58.32,20.57
22-01-2021 00:00,188.02,75.73,0.9,54.4,61.42,19.33
23-01-2021 00:00,214.23,66.36,0.98,39.14,77.68,17.71
24-01-2021 00:00,190.18,47.75,0.8,73.39,63.21,21.37
25-01-2021 00:00,204.84,51.69,0.92,48.77,70.33,20.95
26-01-2021 00:00,210.22,48.31,0.95,31.25,82.27,17.83
27-01-2021 00:00,205.57,53.31,0.74,42.96,67.6,17.28
28-01-2021 00:00,196.86,57.92,0.98,51.86,66.16,16.91
29-01-2021 00:00,217.96,61.6,0.91,41.11,71.02,17.59
30-01-2021 00:00,239.84,72.26,1.33,37.5,67.34,17.2
31-01-2021 00:00,234.38,55.19,0.64,64.27,62.42,16.52
1/2/2021 0:00,192.38,71.75,1.05,44.84,65.47,15.83
2/2/2021 0:00,226.39,96.5,1.51,47.43,64.43,16.82
3/2/2021 0:00,282.34,101.52,1.86,47.71,67.04,17.05
4/2/2021 0:00,256.7,87.66,1.24,44.93,62.41,18.72
5/2/2021 0:00,233.42,93.47,1.56,42.57,62.45,19.65
6/2/2021 0:00,263.69,78.28,1.15,48.48,62.35,20.45
7/2/2021 0:00,112.58,53.13,0.6,50.26,65.29,19.5
8/2/2021 0:00,227.34,71.02,1.02,45.43,63.41,18.89
9/2/2021 0:00,177.6,86.11,1.73,50.8,65.59,19.11
10/2/2021 0:00,277.61,114.42,1.97,50.38,64.82,20.49
11/2/2021 0:00,184.42,79.81,0.91,49.36,70.02,21.2
12/2/2021 0:00,178.24,73.9,1.06,49.47,66.89,22.02
13-02-2021 00:00,186.33,70.27,0.79,51.66,71.08,22.79
14-02-2021 00:00,152.93,41.05,0.48,56.42,76.81,23.4
15-02-2021 00:00,129.72,60.25,0.85,43.97,70.98,23.73
16-02-2021 00:00,177.24,62.59,0.72,52.45,68.53,24.06
17-02-2021 00:00,227.64,61.29,0.99,35.1,75.21,21.89
18-02-2021 00:00,209.43,80.06,1.43,51.05,64.77,22.69
19-02-2021 00:00,264.53,76.34,1.19,43.98,63.1,23.65
20-02-2021 00:00,213.55,69.07,1.01,41.09,63.72,22.59
21-02-2021 00:00,260.68,80.89,1.16,46.95,62.69,22.56
22-02-2021 00:00,246.55,84.27,1.18,61.6,59.43,23.59
23-02-2021 00:00,188.7,65.62,0.69,59.85,63.53,24.16
24-02-2021 00:00,173.77,71.28,1.15,60.82,70.06,24.59
25-02-2021 00:00,188.88,60.06,0.59,68.17,55.84,26.31
26-02-2021 00:00,156.78,49.33,0.74,71.08,60.55,26.91
27-02-2021 00:00,140.48,39.53,0.63,71.41,44.15,29.12
28-02-2021 00:00,125.21,25.32,0.44,74.8,59.21,28.1
1/3/2021 0:00,114.77,23.67,0.43,58.32,66.56,27.97
2/3/2021 0:00,138.79,16.46,0.49,54.28,74.33,27.11
3/3/2021 0:00,151.74,35.82,1.06,63.72,52.54,26.06
4/3/2021 0:00,206.53,36.26,0.71,77.46,56.93,26.19
5/3/2021 0:00,112.65,11.82,0.39,72.84,73.09,27.01
6/3/2021 0:00,148.23,30.37,0.74,61.87,52.26,27.73
7/3/2021 0:00,145.04,15.81,0.48,76.97,59.13,27.94
8/3/2021 0:00,111.18,9.88,0.36,76.9,74.61,27.23
9/3/2021 0:00,64.3,11.78,0.29,36.61,80.86,26.72
10/3/2021 0:00,56.34,12.66,0.27,24.04,82.56,26.6
11/3/2021 0:00,67.87,12.21,0.3,28.83,83.05,27.14
12/3/2021 0:00,79.61,20.88,0.5,29.18,79.71,26.93
13-03-2021 00:00,154.9,21.19,0.46,46.56,73.93,25.33
14-03-2021 00:00,124.35,30.15,0.58,61.66,59.99,25.68
15-03-2021 00:00,119.73,27.13,0.49,78.21,58.42,27.27
16-03-2021 00:00,150.99,32.85,0.94,53.74,56.99,28
17-03-2021 00:00,206.05,30.52,0.45,54.38,52.13,28.77
18-03-2021 00:00,191.08,30,0.76,49.89,54.31,28.26
19-03-2021 00:00,215.37,41.1,0.95,48.86,51.44,28.73
20-03-2021 00:00,239.33,32.55,0.74,66.71,50.83,29.86
21-03-2021 00:00,186.95,19.43,0.59,73.56,60.97,30.1
22-03-2021 00:00,188.1,26.35,0.78,68.9,56.09,30.88
23-03-2021 00:00,192.57,24.04,0.66,72.49,53.77,30.72
24-03-2021 00:00,150.97,14.69,0.53,71.25,64.4,29.4
25-03-2021 00:00,160.66,58.94,0.96,23.82,33.28,30.13
26-03-2021 00:00,181.61,38.22,0.72,60.76,41.23,29.93
27-03-2021 00:00,177.24,23.97,0.56,85.64,45.98,30.04
28-03-2021 00:00,145.07,10.79,0.42,76.3,65.37,29.19
29-03-2021 00:00,106.92,6.6,0.34,53.54,75.99,29.36
30-03-2021 00:00,109.33,8.61,0.33,46.71,78.49,29.99
31-03-2021 00:00,131.74,11.97,0.43,68.89,64.12,31.32
1/4/2021 0:00,130.95,13.32,0.31,41.81,74.72,28.94
2/4/2021 0:00,121.44,8.83,0.21,53.38,69.36,29.73
3/4/2021 0:00,72.2,9.89,0.29,59.14,70.82,29.86
4/4/2021 0:00,82.25,10.16,0.19,68.46,62.68,29.32
5/4/2021 0:00,40.71,22.22,0.42,62.05,64.82,27.24
6/4/2021 0:00,81.33,15.14,0.24,54.51,70.55,28.12
7/4/2021 0:00,85.53,6.78,0.21,53.13,74.23,28.47
8/4/2021 0:00,84.66,7.68,0.39,39.5,77.57,28.66
9/4/2021 0:00,71.16,9.08,0.45,48.32,74.21,28.92
10/4/2021 0:00,79.91,7.81,0.47,62.93,75.13,29.39
11/4/2021 0:00,66.03,6.99,0.43,57.73,64.12,29.68
12/4/2021 0:00,76.99,10.29,0.39,47.4,66.06,30.06
13-04-2021 00:00,69.24,7.26,0.34,47.06,71.75,29.97
14-04-2021 00:00,69.24,5.87,0.3,49.02,71.86,30.12
15-04-2021 00:00,71.34,7.25,0.37,56.85,71.51,30.05
16-04-2021 00:00,79.52,10.21,0.4,70.03,66.26,29.95
17-04-2021 00:00,65.31,7.94,0.32,52.06,68.69,28.6
18-04-2021 00:00,45.16,7.18,0.37,54.21,70.88,28.34
19-04-2021 00:00,63.19,9.36,0.39,83.69,57.3,30.29
20-04-2021 00:00,58.77,5.42,0.32,48.74,74.93,30.37
21-04-2021 00:00,52.48,6.32,0.4,52.7,74.89,29.99
22-04-2021 00:00,75.93,20.75,0.62,49.74,81.32,26.53
23-04-2021 00:00,126.17,29.26,0.92,71.79,58.29,29.45
24-04-2021 00:00,106.53,15.52,0.46,90.05,55.04,31.29
25-04-2021 00:00,75.08,7.36,0.35,89.09,57.82,31.9
26-04-2021 00:00,79.32,6.54,0.36,83.33,61.65,31.35
27-04-2021 00:00,77.36,6.3,0.34,68.86,73.13,30.91
28-04-2021 00:00,74.25,5.81,0.32,54.18,75.26,30.38
29-04-2021 00:00,59.53,5.97,0.31,65.13,61.82,30.42
30-04-2021 00:00,81.05,5.71,0.28,62.37,61.95,30.04
1/5/2021 0:00,61.8,6.36,0.34,105.52,53.05,29.9
2/5/2021 0:00,60.89,4.84,0.34,68.81,72.96,28.26
3/5/2021 0:00,45.55,8.25,0.33,91.06,65.51,27.78
4/5/2021 0:00,44.72,12.07,0.43,66.38,81.31,25.23
5/5/2021 0:00,46.5,8.39,0.33,67.07,74.87,26.67
6/5/2021 0:00,36.37,8.43,0.29,63.92,68.67,28.03
7/5/2021 0:00,45.15,8.36,0.29,53.35,67.73,28.51
8/5/2021 0:00,54.38,8.38,0.35,63.52,67.09,29.77
9/5/2021 0:00,40.12,5.99,0.25,45.29,83.71,27.31
10/5/2021 0:00,55.67,7.98,0.36,43.55,78.78,27.83
11/5/2021 0:00,31.78,6.15,0.34,51.62,87.98,26.33
12/5/2021 0:00,48.6,9.73,0.43,55.48,82.94,26.42
13-05-2021 00:00,49.21,13.61,0.45,56.04,81.84,26.74
14-05-2021 00:00,55.97,9.36,0.39,72.28,73.47,29.41
15-05-2021 00:00,46.63,5.43,0.24,45.94,80.34,30.64
16-05-2021 00:00,28.8,2.66,0.2,39.08,78.22,30.84
17-05-2021 00:00,22.64,2.49,0.19,43.3,75.4,31.37
18-05-2021 00:00,29.96,2.34,0.18,49.03,76.19,31.06
19-05-2021 00:00,35.02,3.9,0.24,44.3,75.87,30.73
20-05-2021 00:00,31.02,1.93,0.19,40.27,73.66,31.25
21-05-2021 00:00,33.3,2.55,0.2,42.39,70.44,31.37
22-05-2021 00:00,35.58,3.53,0.22,46.01,74.06,31.1
23-05-2021 00:00,56.69,5.23,0.35,58.84,71.51,32.21
24-05-2021 00:00,47.84,7.88,0.34,49.7,89.13,27.96
25-05-2021 00:00,24.21,2.72,0.21,54.11,89.63,27.26
26-05-2021 00:00,29.59,0.53,0.19,75.09,91.16,26.82
27-05-2021 00:00,37.1,1.72,0.28,62.16,94.75,26.84
28-05-2021 00:00,54.04,1.35,0.22,48.85,84.33,29.84
29-05-2021 00:00,62.69,1.98,0.25,47.77,82.76,29.99
30-05-2021 00:00,62.47,1.75,0.2,48.49,83.74,30.29
31-05-2021 00:00,40.97,5.74,0.85,51.05,92.4,26.82
1/6/2021 0:00,51.52,3.16,0.2,73.47,85.6,29.98
2/6/2021 0:00,38.25,3.53,0.32,102.92,82.47,28.79
3/6/2021 0:00,41.52,2.62,0.22,106.3,79.46,30.58
4/6/2021 0:00,52.44,2.69,0.24,87.7,80.86,31.22
5/6/2021 0:00,46.93,4.45,0.26,48.22,78.21,30.73
6/6/2021 0:00,44.29,5.36,0.33,54.97,74.86,30.7
7/6/2021 0:00,38.51,4.79,0.22,40.22,82.71,29.44
8/6/2021 0:00,35.11,4.4,0.21,47.8,80.48,29.59
9/6/2021 0:00,47.29,8.64,0.33,49.43,83.58,28.54
10/6/2021 0:00,44.11,7.06,0.21,46.14,84.26,29
11/6/2021 0:00,33.5,6.83,0.3,43.54,87.05,28.34
12/6/2021 0:00,31.33,6.06,0.15,35.63,92.6,27.89
13-06-2021 00:00,30.97,3.86,0.21,39.75,91.51,28.27
14-06-2021 00:00,32.29,4.41,0.15,44.73,94.05,28.3
15-06-2021 00:00,35.99,6.06,0.19,41,97.77,27.04
16-06-2021 00:00,36.43,8.32,0.15,49.25,96.86,25.62
17-06-2021 00:00,37.36,7.22,0.19,49.42,99.02,24.15
18-06-2021 00:00,33.8,5.33,0.18,46.5,95.48,25.69
19-06-2021 00:00,47.5,13.63,0.31,32.1,98.97,24.73
20-06-2021 00:00,61.29,7.28,0.16,36.24,96.54,26.41
21-06-2021 00:00,56.32,10.22,0.28,38.98,92.27,27.65
22-06-2021 00:00,40.58,8.15,0.38,38.75,95.36,26.69
23-06-2021 00:00,47.39,6.32,0.38,42.4,93.23,27.45
24-06-2021 00:00,49.1,4.94,0.23,51.92,83.85,29.13
25-06-2021 00:00,64.49,4.12,0.28,56.26,83.39,29.76
26-06-2021 00:00,53.64,3.86,0.26,45.24,89.61,29.21
27-06-2021 00:00,49.4,3.11,0.25,37.11,92.56,28.38
28-06-2021 00:00,49.66,5.19,0.32,37.19,87.41,29.32
29-06-2021 00:00,40.76,4.45,0.26,41.97,87.72,29.69
30-06-2021 00:00,54.7,5.4,0.32,51.8,89.11,29.56
1/7/2021 0:00,41.7,7.54,0.34,40.62,95.81,26.63
2/7/2021 0:00,49.43,9.67,0.38,40.85,90.83,28.28
3/7/2021 0:00,47.29,8.04,0.36,45.75,87.42,29.15
4/7/2021 0:00,46.47,9.21,0.32,37.67,93.45,28.01
5/7/2021 0:00,57.66,6.43,0.4,45.53,86.03,29.9
6/7/2021 0:00,80.83,6.25,0.32,51.96,88.19,29.92
7/7/2021 0:00,61.91,5.96,0.36,49.58,89.67,29.11
8/7/2021 0:00,39.95,5.53,0.33,42.88,97.01,27.16
9/7/2021 0:00,49.93,4.5,0.28,48.52,86.06,29.5
10/7/2021 0:00,54.94,3.97,0.25,42.12,86.99,29.64
11/7/2021 0:00,28.61,1.74,0.23,31.2,84.84,29.78
12/7/2021 0:00,23.48,2.39,0.3,27.58,86.58,29.03
13-07-2021 00:00,25.56,3.64,0.22,25.98,89.83,28.41
14-07-2021 00:00,27.3,3.43,0.21,28.87,85.39,29
15-07-2021 00:00,30.37,2.79,0.19,32.16,79.07,30.17
16-07-2021 00:00,32.74,3.06,0.24,32.06,80.2,30.16
17-07-2021 00:00,33.81,2.8,0.22,33.34,82.46,29.95
18-07-2021 00:00,31.3,2.06,0.2,33.93,80.49,30.36
19-07-2021 00:00,40.6,4.56,0.32,33.96,85.61,29.67
20-07-2021 00:00,54.39,6.79,0.54,36.44,90.35,28.39
21-07-2021 00:00,63.56,5.56,0.39,35.33,86.94,29.36
22-07-2021 00:00,28.08,2.26,0.24,32.46,88.44,28.87
23-07-2021 00:00,22.85,3.58,0.24,30.23,97.78,27.24
24-07-2021 00:00,27.31,4.7,0.34,30.14,98.37,26.93
25-07-2021 00:00,47.32,4.84,0.34,41.51,90.34,29.03
26-07-2021 00:00,65.91,6.53,0.36,35.47,90.75,29.11
27-07-2021 00:00,52,5.86,0.29,32.83,94.36,28.09
28-07-2021 00:00,47.87,7.02,0.36,28.34,97.15,26.85
29-07-2021 00:00,34.67,3.79,0.21,35.49,99.02,25.78
30-07-2021 00:00,37.22,4.56,0.19,32.63,94.46,27.04
31-07-2021 00:00,49,7.04,0.24,31.2,90.54,28.1
1/8/2021 0:00,55.01,3.51,0.16,45.62,83.78,29.47
2/8/2021 0:00,71.71,5.73,0.24,39.55,85.46,29.66
3/8/2021 0:00,70.81,8.32,0.42,35.94,94.12,27.87
4/8/2021 0:00,76.58,8.59,0.36,26.89,98.31,26.91
5/8/2021 0:00,64.34,7,0.51,31.97,94.02,27.98
6/8/2021 0:00,72.58,7.25,0.37,35.74,88.83,29.06
7/8/2021 0:00,63.29,4.95,0.48,31.96,94.57,28.29
8/8/2021 0:00,48.06,3.04,0.3,31.46,95.2,27.4
9/8/2021 0:00,67.45,2.95,0.27,36.05,92.49,29.23
10/8/2021 0:00,63.94,2.82,0.23,42.93,90.12,29.61
11/8/2021 0:00,65.18,2.77,0.26,51.33,86.1,30.3
12/8/2021 0:00,69.92,4.6,0.39,37.37,97,28.61
13-08-2021 00:00,68.42,4.85,0.35,39.98,92.52,28.84
14-08-2021 00:00,68.99,3.23,0.31,36.48,90.65,29.19
15-08-2021 00:00,45.69,1.79,0.21,28.42,82.93,30.18
16-08-2021 00:00,36.3,2.54,0.25,25.09,89.16,29.01
17-08-2021 00:00,30.63,3.81,0.28,27.68,95.89,27.68
18-08-2021 00:00,36.05,4.79,0.29,28.98,94.25,27.21
19-08-2021 00:00,38.64,3.96,0.24,28.17,96.9,26.86
20-08-2021 00:00,35.54,3.53,0.27,26.6,97.5,26.47
21-08-2021 00:00,43.59,3.68,0.28,24.97,92.71,28.07
22-08-2021 00:00,43.48,2.89,0.2,33.14,84.13,29.5
23-08-2021 00:00,50.52,2.98,0.21,42.77,85.24,29.84
24-08-2021 00:00,68.43,4.29,0.31,47,82.88,29.73
25-08-2021 00:00,64.59,5.16,0.34,43.24,86.34,29.21
26-08-2021 00:00,63.13,7.01,0.4,31.61,93.93,27.78
27-08-2021 00:00,58.39,6.97,0.42,22.92,96.92,27.11
28-08-2021 00:00,36.9,7.02,0.16,21.53,92.09,28.35
29-08-2021 00:00,31.55,6.98,0.15,28.51,92.16,28.2
30-08-2021 00:00,29.53,7,0.18,23.44,92.34,28.1
31-08-2021 00:00,31.65,6.98,0.2,21.83,90.2,28.7
1/9/2021 0:00,34.74,7,0.16,23.24,83.85,29.43
2/9/2021 0:00,40.2,6.98,0.32,23.98,86.96,29
3/9/2021 0:00,47.25,7,0.21,27.99,81.66,29.88
4/9/2021 0:00,62.79,7.06,0.2,32.83,85.13,29.62
5/9/2021 0:00,47.62,6.95,0.07,34.48,81.48,30.3
6/9/2021 0:00,30.67,7.01,0.12,25.32,90.77,28.41
7/9/2021 0:00,27.63,6.94,0.21,23,97.31,26.13
8/9/2021 0:00,35.59,6.99,0.22,27.32,89.68,27.73
9/9/2021 0:00,38.24,7,0.36,24.42,88.5,28.42
10/9/2021 0:00,83.34,71.6,0.3,37.56,84.79,29.27
11/9/2021 0:00,42.17,28.37,0.2,22.87,92.97,27.7
12/9/2021 0:00,36.14,28.37,0.17,29.67,87.42,28.58
13-09-2021 00:00,32.93,28.37,0.18,28.34,96.27,26.97
14-09-2021 00:00,24.26,28.37,0.18,28.45,98.55,25.17
15-09-2021 00:00,18.17,28.37,0.19,27.99,95.72,26.57
16-09-2021 00:00,32.97,28.37,0.32,24.37,92.88,28.15
17-09-2021 00:00,39.83,28.37,0.48,27.6,94.09,27.66
18-09-2021 00:00,47.03,28.37,0.57,20.03,98.71,26.61
19-09-2021 00:00,61.49,28.37,0.58,28.57,93.47,27.47
20-09-2021 00:00,29.06,28.37,0.48,29.2,99.01,24.73
21-09-2021 00:00,20.53,28.37,0.47,30.86,97.49,25.84
22-09-2021 00:00,31.63,28.37,0.55,22.4,98.74,26.2
23-09-2021 00:00,38.01,28.37,0.75,20.99,97.7,26.83
24-09-2021 00:00,61.32,28.37,1.05,33.01,85.95,28.99
25-09-2021 00:00,96.34,28.37,1.1,26.73,94.21,28.17
26-09-2021 00:00,43.12,28.37,0.71,16.81,95.13,27.48
27-09-2021 00:00,34.6,11.19,0.66,17.81,90.52,27.99
28-09-2021 00:00,26.8,11.75,0.55,22.99,96.58,26.27
29-09-2021 00:00,21.69,11.76,0.57,20.5,98.99,25
30-09-2021 00:00,28.19,11.75,0.66,16.57,93.79,27.46
1/10/2021 0:00,25.72,11.78,0.55,18.2,85.57,28.98
2/10/2021 0:00,25.22,11.76,0.54,25.57,87.86,29.03
3/10/2021 0:00,28.73,11.73,0.39,30.29,91.81,28.7
4/10/2021 0:00,48.57,30.03,0.39,41.88,87.68,28.93
5/10/2021 0:00,42.52,11.28,0.43,30.29,87.4,28.54
6/10/2021 0:00,58.12,10.13,0.5,24.82,90.34,28.34
7/10/2021 0:00,65.06,22.36,0.6,30.67,89.18,28.53
8/10/2021 0:00,84.55,10.01,0.87,36.58,86.57,29.18
9/10/2021 0:00,105,9.98,1.16,35.2,88.7,28.76
10/10/2021 0:00,94.04,31.3,1.1,40.89,87.21,29.14
11/10/2021 0:00,129.31,9.93,0.95,57.08,80.53,29.73
12/10/2021 0:00,129.01,33.86,0.97,54.25,82.33,29.31
13-10-2021 00:00,118.38,9.98,1.02,39.31,89.84,29.15
14-10-2021 00:00,52.83,11.75,0.86,34.93,88.53,28.59
15-10-2021 00:00,59.88,13.45,0.79,43.04,83.69,29.55
16-10-2021 00:00,30.05,13.17,0.67,33.86,86.75,28.25
17-10-2021 00:00,22.62,10.92,0.58,26.92,96.49,26.52
18-10-2021 00:00,26.03,10.37,0.6,30.85,99,25.12
19-10-2021 00:00,20.45,10.88,0.61,25.64,99,24.93
20-10-2021 00:00,39.13,11.14,0.83,24.87,98.33,26.49
21-10-2021 00:00,82.64,13.87,1.18,35.33,80.52,27.33
22-10-2021 00:00,91.75,18.67,1.23,46.78,80.25,27.4
23-10-2021 00:00,154.63,31.49,1.76,49.08,79.61,27.1
24-10-2021 00:00,129.67,30.96,1.43,36.33,88.44,26.17
25-10-2021 00:00,126.21,28.45,1.28,35.28,85.71,26.22
26-10-2021 00:00,123.51,26.26,0.73,45.52,80.43,27.12
27-10-2021 00:00,90.9,26.6,0.57,45.93,86.66,27.16
28-10-2021 00:00,91.26,23.71,0.66,37.24,88.32,26.38
29-10-2021 00:00,102.59,20.58,0.56,56.82,75.88,27.37
30-10-2021 00:00,108.29,21.68,0.61,57.9,69.6,26.27
31-10-2021 00:00,116.02,21.39,0.61,71.41,66.95,25.53
1/11/2021 0:00,133.37,21.37,1.04,40,72.34,25.23
2/11/2021 0:00,124.91,18.96,0.96,46.55,68.88,24.94
3/11/2021 0:00,112.97,17.83,0.64,45.24,70.46,24.92
4/11/2021 0:00,161.85,14.87,0.9,50.23,76.87,24.37
5/11/2021 0:00,164.17,23.73,0.65,58.74,72.54,23.94
6/11/2021 0:00,132.17,30.93,0.86,52.39,72.44,23.16
7/11/2021 0:00,142.47,30.45,0.67,51.41,70.1,23.08
8/11/2021 0:00,136.88,31.19,0.7,38.45,72.89,23.19
9/11/2021 0:00,149.04,34.09,0.97,43.76,77.06,23.51
10/11/2021 0:00,142.03,28.94,1.12,41.07,75.94,24.42
11/11/2021 0:00,135.21,30.46,1.09,42.5,75.58,24.95
12/11/2021 0:00,130.38,25.49,0.67,37.1,73.64,25.69
13-11-2021 00:00,80.62,17.9,0.47,49.76,83.21,24.11
14-11-2021 00:00,61.05,15.3,0.44,50.16,88.51,22.85
15-11-2021 00:00,61.78,18.04,0.55,36.65,95.61,21.58
16-11-2021 00:00,101.71,24.45,0.94,40.29,80.56,23.7
17-11-2021 00:00,136.68,29.19,0.89,50.01,75.37,22.83
18-11-2021 00:00,131.57,28.69,0.98,39.5,74.79,22.85
19-11-2021 00:00,144.66,27.67,1.11,45.81,74.87,23.55
20-11-2021 00:00,156.26,28,0.84,44.55,74.62,24.74
21-11-2021 00:00,176.29,30.36,1.08,46.93,80.69,24.68
22-11-2021 00:00,221.63,31.4,1.51,37.88,80.45,25.14
23-11-2021 00:00,173.94,28.83,0.79,39.49,76.4,25.58
24-11-2021 00:00,155.34,31.04,0.72,69.94,59.62,24.57
25-11-2021 00:00,167.57,31.93,0.96,59.42,66.6,23.79
26-11-2021 00:00,160.61,28.76,0.88,72,65.39,23.26
27-11-2021 00:00,188.47,31.13,1.27,47.97,75.39,21.69
28-11-2021 00:00,183,27.86,0.89,40.32,79,21.22
29-11-2021 00:00,155.62,29.89,0.9,38.62,75.48,21.38
30-11-2021 00:00,154.11,33.33,0.83,44.01,75.19,21.47
1/12/2021 0:00,151.95,37.52,1.17,37.2,76.34,21.69
2/12/2021 0:00,197,40.74,1.45,36.69,78.63,21.86
3/12/2021 0:00,168.5,38.15,1.41,39.18,76.48,22.4
4/12/2021 0:00,146.75,35.98,0.67,13.99,93.27,20.81
5/12/2021 0:00,52.26,16.48,0.36,23.87,99,20.32
6/12/2021 0:00,7.9,14.21,0.3,20.64,99.04,20.94
7/12/2021 0:00,47.38,14.38,0.72,14.75,96.38,21.48
8/12/2021 0:00,82.71,20.38,0.7,28.23,90.89,22.16
9/12/2021 0:00,95.53,24.43,0.71,23.08,90.33,21.5
10/12/2021 0:00,97.51,27.53,1.29,33.23,81.55,21.67
11/12/2021 0:00,199.44,29.27,1.64,40.25,81.21,22
12/12/2021 0:00,164.22,28.62,0.84,69.9,74.37,20.34
13-12-2021 00:00,195.11,38.43,1.7,43.85,76.56,18.82
14-12-2021 00:00,217.19,43.32,1.59,34.04,78.2,18.67
15-12-2021 00:00,215.51,50.77,1.2,39.77,76.7,18.19
16-12-2021 00:00,232.2,49.99,1.29,31.36,81.03,18.18
17-12-2021 00:00,181.61,48.89,1.43,35.62,73.7,18.42
18-12-2021 00:00,231.94,48.56,1.84,33.15,80.48,18.45
19-12-2021 00:00,153.19,39.85,0.45,50.7,65.64,17.18
20-12-2021 00:00,135.08,45.35,0.76,60.8,54.29,15.88
21-12-2021 00:00,199.07,44.14,0.97,36.4,75.73,15.99
22-12-2021 00:00,194.35,38.64,1.18,31.18,78.47,17.23
23-12-2021 00:00,232.3,72.05,1.36,31.16,80.87,17.41
24-12-2021 00:00,258.15,70.2,2.04,28.53,79.45,18.18
25-12-2021 00:00,226.12,50.21,1.64,31.1,78.5,19.18
26-12-2021 00:00,222.4,68.63,1.52,32.12,80.62,19.96
27-12-2021 00:00,197.89,51.59,1.99,23.3,84.92,20.15
28-12-2021 00:00,213.78,49.34,1.22,30.54,79.14,20.67
29-12-2021 00:00,193.13,33.14,1.04,29.74,80.11,20.06
30-12-2021 00:00,191.13,25.02,1.12,14.75,91.44,18.34
31-12-2021 00:00,126.77,23.17,1.03,28.28,84.43,18.79
1/1/2022 0:00,162.68,24.84,0.87,34.88,78.19,18.43
2/1/2022 0:00,148.09,25.11,0.58,30.05,86.4,17
3/1/2022 0:00,148.3,27.4,0.81,32.8,80.42,17.5
4/1/2022 0:00,199.12,31.61,0.89,33.49,79.42,16.93
5/1/2022 0:00,198.2,33.25,1.29,31.76,79.83,16.85
6/1/2022 0:00,187.89,32.96,1.26,34.35,80.35,17.95
7/1/2022 0:00,199.93,33.73,1.15,33.1,79.46,18.8
8/1/2022 0:00,163.59,27.07,1.2,35.22,78.78,20.09
9/1/2022 0:00,194.62,21.14,1.19,33.57,80.67,20.44
10/1/2022 0:00,173.96,27.27,1.26,25.74,80.82,21
11/1/2022 0:00,180.55,19.61,0.72,42.99,82.77,21.39
12/1/2022 0:00,88.16,20.31,0.75,15.87,95.68,18.46
13-01-2022 00:00,111.51,21.52,0.61,20.52,89.56,19.71
14-01-2022 00:00,95.14,19.77,0.38,29.76,85.33,18.65
15-01-2022 00:00,108.77,22.92,0.64,31.7,81.52,18.68
16-01-2022 00:00,124.58,26.4,0.33,48.21,75.33,17.63
17-01-2022 00:00,147.06,35.32,0.6,39.91,79.67,16.91
18-01-2022 00:00,160.2,38.97,0.74,38.69,80.48,16.93
19-01-2022 00:00,186.7,41.53,0.77,33.41,81.07,16.62
20-01-2022 00:00,201.33,43,1.02,37.93,78.03,17.01
21-01-2022 00:00,243.72,45.99,1.17,31.69,82.42,18.87
22-01-2022 00:00,147.65,40.8,0.51,30.43,93.84,19.93
23-01-2022 00:00,175.18,41.41,0.86,27.25,91.15,18.88
24-01-2022 00:00,123.94,40.71,0.68,31.6,93.19,18.1
25-01-2022 00:00,149.9,43.02,0.76,33.23,87.82,19.67
26-01-2022 00:00,149.79,42.71,0.5,37.33,84.66,20.19
27-01-2022 00:00,139.58,45.99,0.7,43.11,73.54,18.76
28-01-2022 00:00,149.55,50.66,0.56,53.47,66.2,16.34
29-01-2022 00:00,164.55,51.04,0.76,45.8,73.39,15.92
30-01-2022 00:00,218.57,51.53,1.17,48.77,71.32,16.5
31-01-2022 00:00,156.64,47.21,0.56,54.53,75.79,18.95
1/2/2022 0:00,119.59,46.38,0.71,47.74,76.1,20.56
2/2/2022 0:00,124.78,46.12,0.41,46.53,68.92,22.03
3/2/2022 0:00,83.19,37.14,0.15,34.99,84.41,22.78
4/2/2022 0:00,44.02,33.77,0.15,31.03,96.83,19.04
5/2/2022 0:00,76.68,39.93,0.55,37.71,77.69,18.46
6/2/2022 0:00,102.86,41.79,0.33,55.56,66.81,17.97
7/2/2022 0:00,100.47,41.43,0.48,52.13,72.3,18.71
8/2/2022 0:00,135.01,40.19,0.49,42.68,77.35,20.12
9/2/2022 0:00,148.8,36.8,0.57,36.49,81.71,21.01
10/2/2022 0:00,126.32,35.63,1.06,21.87,93.51,20.11
11/2/2022 0:00,155.34,36.62,0.91,38.28,83.13,19.54
12/2/2022 0:00,119.25,41.65,0.64,52.15,62.96,18.85
13-02-2022 00:00,121.24,41.4,0.42,64.99,62.54,18.96
14-02-2022 00:00,148.91,43.29,0.9,41.89,63.97,19.01
15-02-2022 00:00,192.2,49.56,1.62,49.22,67.92,19.01
16-02-2022 00:00,190.7,52.55,1.42,46.52,68.62,19.58
17-02-2022 00:00,236.9,54.76,1.31,47.89,68.54,20.89
18-02-2022 00:00,190.71,53.78,1.42,48.02,66.58,20.72
19-02-2022 00:00,197.42,54.01,1.38,40.46,58.88,21.24
20-02-2022 00:00,154.63,49.93,1.05,24.7,90,21.21
21-02-2022 00:00,113.43,61.52,0.91,44.27,61.43,22.59
22-02-2022 00:00,131.86,76.96,0.86,40.73,78.04,22.81
23-02-2022 00:00,143.34,73.11,0.9,33.62,80.41,22.68
24-02-2022 00:00,101.36,64.4,0.58,28.37,85.2,23.68
25-02-2022 00:00,127.9,74.51,1.24,12.87,83.74,21.28
26-02-2022 00:00,214.67,76.29,1.33,41.6,73.14,24.05
27-02-2022 00:00,183.76,73.18,0.73,37.43,80.32,23.73
28-02-2022 00:00,101.67,74.9,0.72,43.6,73.36,24.67
1/3/2022 0:00,159.24,83.1,0.69,49.67,63.32,24.86
2/3/2022 0:00,176.59,81.49,0.83,48.13,62.09,25.05
3/3/2022 0:00,188.88,58.62,1.15,50.85,71.33,24.59
4/3/2022 0:00,199.5,64.74,1.25,46.23,63.05,25.05
5/3/2022 0:00,175.61,60.8,0.74,50.24,65.8,25.87
6/3/2022 0:00,137.85,71.27,0.4,67.31,53.1,25.93
7/3/2022 0:00,158.59,71.31,0.79,47.24,63.79,24.55
8/3/2022 0:00,178.72,72.5,0.95,52.34,60.79,24.86
9/3/2022 0:00,212.99,74.51,1.14,49.03,58.92,25.38
10/3/2022 0:00,251.25,73.5,1.41,55.14,60.79,25.53
11/3/2022 0:00,193.57,72.16,0.95,47.9,60.07,25.93
12/3/2022 0:00,200.52,72.77,1.25,46.44,59.08,25.87
13-03-2022 00:00,191.29,72.14,1.24,53.36,58,26.06
14-03-2022 00:00,214.77,74.06,1.56,52.3,59.87,26.45
15-03-2022 00:00,178.15,81.19,1.04,64.68,48.64,28.31
16-03-2022 00:00,107.37,77.2,0.73,74.52,48.34,29.39
17-03-2022 00:00,87.56,61.33,0.68,49.8,65.82,28.69
18-03-2022 00:00,80.09,61.3,0.65,43.72,64.14,28.1
19-03-2022 00:00,75.93,74.59,0.62,62.95,51.18,28.67
20-03-2022 00:00,67.5,58.76,0.5,42.4,72.65,27.96
21-03-2022 00:00,67.25,52.79,0.32,33.59,76.25,28.52
22-03-2022 00:00,69.07,47.6,0.34,31.93,79.05,28.59
23-03-2022 00:00,84.37,47.08,0.35,28.62,82.49,28.61
24-03-2022 00:00,81.91,47.67,0.17,27.48,82.73,28.15
25-03-2022 00:00,75.97,49.32,0.41,24.54,84.23,28.17
26-03-2022 00:00,66.23,45.14,0.81,36.14,86.05,28.42
27-03-2022 00:00,81.42,44.21,0.79,44.03,76.14,29.2
28-03-2022 00:00,86.34,43.7,0.79,31.77,77.24,29.42
29-03-2022 00:00,78.28,44.72,0.8,39.45,78.54,29.43
30-03-2022 00:00,57.07,47.03,0.78,39.45,83.34,28.72
31-03-2022 00:00,54.18,48.02,0.69,39.45,83.93,28.68
1/4/2022 0:00,61.97,49.49,0.65,39.45,83.22,28.77
2/4/2022 0:00,44.8,50.23,0.79,39.45,81.98,28.65
3/4/2022 0:00,41.62,50.54,0.65,39.45,82.85,28.76
4/4/2022 0:00,45.9,52.01,0.67,39.45,81.08,28.57
5/4/2022 0:00,43.92,56.49,0.72,39.45,79.85,28.23
6/4/2022 0:00,45.32,57.93,0.8,39.45,80.53,28.05
7/4/2022 0:00,51.49,55.71,0.68,28.83,82.62,28.37
8/4/2022 0:00,50.62,56.62,0.74,38.59,78.89,28.52
9/4/2022 0:00,31.21,51.33,0.73,35.12,82.62,28.69
10/4/2022 0:00,32.03,49.47,0.7,40.64,82.89,29.02
11/4/2022 0:00,39.53,50.87,0.7,43.86,81.56,29.35
12/4/2022 0:00,40.09,52.12,0.69,41.51,84.7,29.05
13-04-2022 00:00,30.66,49.6,0.67,40.79,83.8,29.16
14-04-2022 00:00,42.03,50.96,0.74,43.9,83.16,29.82
15-04-2022 00:00,86.93,54.63,0.78,64.03,76.13,30.66
16-04-2022 00:00,59.52,51.22,0.78,50.52,81.64,29.98
17-04-2022 00:00,55.23,55.13,0.69,57.18,78.43,29.65
18-04-2022 00:00,48.17,52.55,0.69,55.09,81.29,29.92
19-04-2022 00:00,45.8,54.66,0.65,47.2,81.17,29.54
20-04-2022 00:00,51.77,54.22,0.7,50.27,80.5,29.76
21-04-2022 00:00,49.17,57.71,0.68,42.97,79.63,29.6
22-04-2022 00:00,45.08,61.46,0.74,66.2,75.03,30.04
23-04-2022 00:00,72.47,65.15,0.8,92.77,70.93,31.36
24-04-2022 00:00,69.1,64.43,0.71,77.45,71.61,32.09
25-04-2022 00:00,65.19,62.27,0.79,71.45,75.91,31.6
26-04-2022 00:00,64.88,60.57,0.77,69.04,81.18,30.93
27-04-2022 00:00,64.79,60.67,0.79,70.1,78.77,30.84
28-04-2022 00:00,64.38,61.2,0.78,69.04,80.77,30.72
29-04-2022 00:00,71.58,65.47,0.78,61.55,75.73,30.58
30-04-2022 00:00,83.82,75.36,0.75,52.56,71.95,28.81
1/5/2022 0:00,64.15,80.77,0.77,51.5,70.79,28.36
2/5/2022 0:00,45.78,76.48,0.82,58.65,80.52,27.72
3/5/2022 0:00,39.41,72.58,0.7,69.53,83.25,26.96
4/5/2022 0:00,41.37,77.76,0.93,56.03,78.94,28.42
5/5/2022 0:00,46.02,77.49,0.82,74.35,76.02,28.68
6/5/2022 0:00,52.19,85.41,0.63,65.46,65.06,29.95
7/5/2022 0:00,60.01,78.51,0.37,51.37,72.45,30.03
8/5/2022 0:00,53.68,74.83,0.19,31.47,75.6,29.94
9/5/2022 0:00,15.17,72.66,0.29,23.94,93.09,26.63
10/5/2022 0:00,28.12,69.87,0.28,26.66,92.86,27.75
11/5/2022 0:00,35.19,71,0.36,35.21,95.38,27.38
12/5/2022 0:00,51.62,68.7,0.19,37.61,89.2,28.92
13-05-2022 00:00,57.67,69.61,0.23,43.89,84.74,29.48
14-05-2022 00:00,38.99,71.28,0.26,41.98,85.7,29.33
15-05-2022 00:00,31.57,70.07,0.28,41.52,86.34,29.94
16-05-2022 00:00,41.84,73.94,0.2,35.86,80.28,30.2
17-05-2022 00:00,40.15,72.9,0.22,31.56,80.2,30.51
18-05-2022 00:00,35.49,73.76,0.23,31.46,80.73,30.39
19-05-2022 00:00,43,71.92,0.23,34.47,87.39,29.63
20-05-2022 00:00,46.62,72.09,0.28,37.43,81.69,30.66
21-05-2022 00:00,53.38,72.63,0.35,40.69,77.85,29
22-05-2022 00:00,67.09,75.1,0.65,41.09,75.75,27.9
23-05-2022 00:00,85.17,76.25,0.5,34.14,78.93,29.53
24-05-2022 00:00,56.09,75.85,0.41,35.03,79.41,29.72
25-05-2022 00:00,62.88,77.02,0.28,49.31,75.98,30.18
26-05-2022 00:00,79.55,77.11,0.52,46.62,77.49,29.07
27-05-2022 00:00,122.7,80.09,0.41,47.52,69.16,30.91
28-05-2022 00:00,115.08,79.35,0.46,77.39,69.41,32.01
29-05-2022 00:00,75.02,72.77,0.42,43.13,79.84,29.16
30-05-2022 00:00,80.12,72.15,0.31,42.83,77.44,30.35
31-05-2022 00:00,71.68,73.36,0.43,59.81,84.7,29.94
1/6/2022 0:00,83.36,76.12,0.41,65.54,85.77,29.28
2/6/2022 0:00,62.86,77.27,0.39,87.2,82.68,29.81
3/6/2022 0:00,60.67,77.5,0.42,64.04,86.91,29.09
4/6/2022 0:00,73.14,70.15,0.33,51.07,82.96,30.45
5/6/2022 0:00,58.65,47.57,0.24,47.81,81.92,30.81
6/6/2022 0:00,61.93,39.76,0.24,47.25,80.87,30.81
7/6/2022 0:00,55.77,33.12,0.33,54.4,80.19,30.8
8/6/2022 0:00,63.35,29.42,0.41,52.2,80.5,30.57
9/6/2022 0:00,69.65,23.15,0.23,59.81,83.29,29.93
10/6/2022 0:00,66.77,18.66,0.22,42.74,81.51,28.39
11/6/2022 0:00,83.64,14.41,0.25,47.84,90.62,29.08
12/6/2022 0:00,71.07,11.92,0.31,13.29,89.37,29.17
13-06-2022 00:00,75.22,11.36,0.4,47.24,78.56,31.43
14-06-2022 00:00,58.15,10.23,0.38,50.12,84.77,30.27
15-06-2022 00:00,62.28,12.54,0.32,41.31,89.65,28.93
16-06-2022 00:00,55.39,9.16,0.16,43.04,85.16,29.95
17-06-2022 00:00,41.68,11.13,0.36,31.55,86.66,28.62
18-06-2022 00:00,34.72,10.39,0.15,28.2,93.42,27.53
19-06-2022 00:00,31.88,10.1,0.25,32.86,89.27,28.09
20-06-2022 00:00,37.75,11.64,0.31,25.26,90.39,27.94
21-06-2022 00:00,52.91,11.16,0.3,33.99,83.02,29.18
22-06-2022 00:00,40.04,10.37,0.16,30.4,87.84,28.66
23-06-2022 00:00,31.02,8.98,0.15,33.19,88.38,28.67
24-06-2022 00:00,41.67,6.96,0.3,37.36,94.74,27.85
25-06-2022 00:00,38.97,6.59,0.39,34.23,96.95,27.41
26-06-2022 00:00,26.37,6.02,0.34,29.24,95.71,27.97
27-06-2022 00:00,28.39,5.59,0.23,22.74,81.5,29.84
28-06-2022 00:00,38.85,6.02,0.23,22.66,79.22,30.03
29-06-2022 00:00,37.51,5.23,0.21,28.05,82.37,29.83
30-06-2022 00:00,42.97,5.24,0.35,37.65,88.29,28.89
1/7/2022 0:00,54.3,5.41,0.29,47.55,90.11,28.89
2/7/2022 0:00,47.54,5.34,0.3,39.88,92.08,28.13
3/7/2022 0:00,35.19,3.98,0.31,47.48,93.65,27.8
4/7/2022 0:00,38.33,3.91,0.25,41.01,84.93,29.89
5/7/2022 0:00,27.52,3.36,0.15,23.4,89.78,28.94
6/7/2022 0:00,24.35,3.45,0.22,19.41,93.14,28.3
7/7/2022 0:00,35.76,3.24,0.21,33.41,83.54,29.76
8/7/2022 0:00,35.63,3.5,0.16,43.89,86.96,29.39
9/7/2022 0:00,36.06,3.36,0.19,38.22,86.86,28.98
10/7/2022 0:00,31.23,2.92,0.3,46.09,95.11,27.62
11/7/2022 0:00,32.48,2.97,0.25,48.77,88.54,28.86
12/7/2022 0:00,29.87,3.38,0.28,48.7,92.52,28.54
13-07-2022 00:00,24.66,3.71,0.3,45.73,92.58,28.54
14-07-2022 00:00,22.29,3.91,0.28,45.54,93.09,28.33
15-07-2022 00:00,20.59,3.58,0.13,44.28,88.01,29.18
16-07-2022 00:00,14.85,3.76,0.25,35.03,94.27,28.44
17-07-2022 00:00,14.04,3.26,0.21,37.6,92.59,28.6
18-07-2022 00:00,20.23,4.24,0.2,35.48,86.81,28.99
19-07-2022 00:00,26.28,4.81,0.27,45.37,87.68,29.21
20-07-2022 00:00,36.04,4.46,0.3,52.16,87.48,29.4
21-07-2022 00:00,28.19,3.75,0.26,63.56,91.35,28.99
22-07-2022 00:00,22.01,4.43,0.24,50.72,90.14,28.96
23-07-2022 00:00,17.67,4.45,0.25,46.89,95.87,27.47
24-07-2022 00:00,13.18,3.92,0.22,43.89,98.06,26.18
25-07-2022 00:00,17.63,4.25,0.28,41.71,96.25,26.99
26-07-2022 00:00,21.83,4.35,0.22,38.96,87.09,28.27
27-07-2022 00:00,24.17,4.07,0.29,42.77,93.53,28.1
28-07-2022 00:00,26.52,4.36,0.24,44.19,86.57,29.33
29-07-2022 00:00,28.74,5.14,0.27,51.02,90.11,29.19
30-07-2022 00:00,23.64,4.15,0.18,48.1,80.67,30.17
31-07-2022 00:00,34.78,3.88,0.24,60.48,92.9,29.18
1/8/2022 0:00,45.37,5.45,0.27,55.94,86.2,29.85
2/8/2022 0:00,42.39,6.71,0.45,44.28,91.41,28.76
3/8/2022 0:00,35.03,4.92,0.37,45,93.98,28.34
4/8/2022 0:00,27.81,4.38,0.24,41.56,88.45,28.82
5/8/2022 0:00,15.47,3.81,0.25,38.14,87.22,29.22
6/8/2022 0:00,13.73,3.57,0.26,33.98,93.96,28.35
7/8/2022 0:00,12.45,3.14,0.16,7.65,90.75,28.58
8/8/2022 0:00,12.72,3.29,0.21,6.46,92.89,28.08
9/8/2022 0:00,13.37,2.36,0.15,13.29,96.36,26.91
10/8/2022 0:00,15.78,4.39,0.28,24.59,97.17,26.76
11/8/2022 0:00,23.65,5.33,0.31,24.29,97.02,26.51
12/8/2022 0:00,41.78,6.38,0.33,33.36,90.03,28.27
13-08-2022 00:00,44.36,4.45,0.31,34.12,88.57,28.72
14-08-2022 00:00,17.44,2.75,0.15,38.49,97.86,26.42
15-08-2022 00:00,32.82,3.8,0.27,37.47,96.31,27.55
16-08-2022 00:00,53.05,6.36,0.2,42.74,80.65,29.93
17-08-2022 00:00,64.76,6.33,0.35,62.68,81.74,30.79
18-08-2022 00:00,73.02,6.03,0.35,55.12,83.88,30.52
19-08-2022 00:00,29.8,4.3,0.25,35.91,96.43,26.76
20-08-2022 00:00,29.64,4.09,0.18,42.92,97.09,26.74
21-08-2022 00:00,45.97,4.05,0.23,46.26,92.89,28.77
22-08-2022 00:00,56.14,7.07,0.45,43.51,90.5,28.97
23-08-2022 00:00,52.94,6.67,0.68,39.18,93.29,27.81
24-08-2022 00:00,32.65,5.25,0.28,29.83,97,26.68
25-08-2022 00:00,43.76,3.74,0.22,49.39,85.47,28.75
26-08-2022 00:00,54.64,2.74,0.26,60.57,83.12,29.55
27-08-2022 00:00,58.2,2.6,0.28,69.47,92.58,28.86
28-08-2022 00:00,40.36,1.91,0.16,59.55,88.77,28.75
29-08-2022 00:00,35.66,3.32,0.17,42.07,81.07,30.11
30-08-2022 00:00,37.53,5.16,0.19,29.79,80.67,30.2
31-08-2022 00:00,39.61,5.69,0.16,31.76,81.22,30.32
1/9/2022 0:00,38.41,5.35,0.2,28.14,80.61,30.26
2/9/2022 0:00,56.4,7.9,0.2,33.93,80.39,30.32
3/9/2022 0:00,42.74,11.46,0.21,41.79,88.27,26.17
4/9/2022 0:00,67.45,12.11,0.26,55.32,87.3,26.17
5/9/2022 0:00,53.2,10.02,0.2,63.36,83.97,26.17
6/9/2022 0:00,70.17,19.11,0.7,46.85,92.99,26.17
7/9/2022 0:00,62.25,14.08,0.29,34.38,80.61,26.17
8/9/2022 0:00,26.71,9.82,0.27,39.72,80.95,26.17
9/9/2022 0:00,42.66,11.59,0.38,51.4,85.09,26.17
10/9/2022 0:00,22.18,7.29,0.18,33.21,91.07,26.17
11/9/2022 0:00,17.86,6.58,0.14,30.59,96.63,26.17
12/9/2022 0:00,16.6,9.76,0.19,32.34,99,26.17
13-09-2022 00:00,21.69,8.96,0.24,35.07,99,26.17
14-09-2022 00:00,32,9.21,0.25,39.43,97.61,26.17
15-09-2022 00:00,49.67,11.55,0.23,35.83,96.78,26.17
16-09-2022 00:00,42.78,10.76,0.14,35.84,88.32,26.17
17-09-2022 00:00,99.08,28.37,0.85,39.45,78.75,26.17
18-09-2022 00:00,99.08,28.37,0.48,42.73,87.46,26.17
19-09-2022 00:00,29.97,4.12,0.24,48.09,93.23,26.17
20-09-2022 00:00,26.43,4.14,0.31,36.23,97.82,26.17
21-09-2022 00:00,36.35,4.12,0.28,41.11,90.42,26.17
22-09-2022 00:00,40.24,3.97,0.32,47.39,86.93,26.17
23-09-2022 00:00,49.94,3.37,0.26,51.94,85.24,26.17
24-09-2022 00:00,50.4,3.18,0.24,40.52,82.96,26.17
25-09-2022 00:00,44.3,3.19,0.24,34.46,80.92,26.17
26-09-2022 00:00,48.5,2.85,0.34,33.48,86.57,26.17
27-09-2022 00:00,68.86,2.97,0.45,37.2,87.71,26.17
28-09-2022 00:00,70.42,2.83,0.76,36.07,93.31,26.17
29-09-2022 00:00,100.6,3.26,0.9,44.45,83.28,26.17
30-09-2022 00:00,81.12,4.29,0.83,62.76,85.79,26.17
1/10/2022 0:00,84.29,4.24,0.64,54.09,85.44,26.17
2/10/2022 0:00,46.21,3.77,0.58,27.84,94.41,26.17
3/10/2022 0:00,33.8,3.71,0.51,12.73,96.19,26.17
4/10/2022 0:00,27.09,3.36,0.35,13.64,90.95,26.17
5/10/2022 0:00,23.85,3.19,0.34,12.31,91.33,26.17
6/10/2022 0:00,19.62,3.03,0.33,9.55,91.77,26.17
7/10/2022 0:00,30.48,2.92,0.44,10.26,90.43,26.17
8/10/2022 0:00,33.76,2.47,0.43,16.59,79.84,26.17
9/10/2022 0:00,21.54,2.9,0.26,13.4,82.35,26.17
10/10/2022 0:00,23.52,2.73,0.24,15.42,83.05,26.17
11/10/2022 0:00,31.28,3.76,0.29,21.03,86.08,26.17
12/10/2022 0:00,25.25,5.47,0.46,35.29,88.04,26.17
13-10-2022 00:00,43.79,6.81,0.51,39.6,84.24,26.17
14-10-2022 00:00,61.53,94.22,0.76,35.87,89.95,26.17
15-10-2022 00:00,80.27,25.36,0.78,48.44,79.8,26.17
16-10-2022 00:00,80.93,5.17,0.56,65.3,70.08,26.17
17-10-2022 00:00,95.3,10.52,0.63,59.6,72.93,26.17
18-10-2022 00:00,102.63,11.01,0.61,55.81,76.09,26.17
19-10-2022 00:00,97.79,8.9,0.85,54.11,75.67,26.17
20-10-2022 00:00,99.8,5.8,0.59,71.8,71.42,26.17
21-10-2022 00:00,110.05,7.68,0.64,70.07,70.95,26.17
22-10-2022 00:00,127.97,28.37,0.71,61,72.19,26.17
23-10-2022 00:00,92.99,19.03,0.48,44.05,80.12,26.17
24-10-2022 00:00,39.49,10.37,0.3,38.48,95.67,26.17
25-10-2022 00:00,48.03,13.14,0.31,43.18,81.75,26.17
26-10-2022 00:00,78.55,18.48,0.56,50.45,77.91,26.17
27-10-2022 00:00,108.53,22.09,0.64,47.18,77.04,26.17
28-10-2022 00:00,171.09,27.16,0.82,45.12,74.39,26.17
29-10-2022 00:00,158.18,24.85,0.81,40.1,74.49,26.17
30-10-2022 00:00,136.56,19.22,0.51,54.08,74.61,26.17
31-10-2022 00:00,135.1,21.15,0.71,47.67,75.16,26.17
1/11/2022 0:00,162.28,21.38,0.61,41.54,73.01,26.17
2/11/2022 0:00,136.06,16.83,0.48,59.75,66.44,26.17
3/11/2022 0:00,135.73,20.39,0.81,52.68,71.54,26.17
4/11/2022 0:00,180.7,24.73,0.83,55.64,77.04,26.17
5/11/2022 0:00,181.59,25.05,1.19,44.68,76.15,26.17
6/11/2022 0:00,185.72,22.58,0.62,50.95,76.9,26.17
7/11/2022 0:00,174.91,25.57,0.8,48.35,79.44,26.17
8/11/2022 0:00,159.75,21.41,0.42,48.97,78.47,26.17
9/11/2022 0:00,187.49,22.81,1.11,44.18,78.78,26.17
10/11/2022 0:00,171.75,20.61,0.5,39.63,73.28,26.17
11/11/2022 0:00,181.79,22.91,0.47,50.44,74.89,26.17
12/11/2022 0:00,235.39,22.73,0.72,52.29,75.89,26.17
13-11-2022 00:00,220.63,19.2,0.35,56.76,65.38,26.17
14-11-2022 00:00,199.07,21.26,0.49,42.06,67.68,26.17
15-11-2022 00:00,210.98,17.03,0.45,50.33,69.71,26.17
16-11-2022 00:00,225.75,16.63,0.82,42.09,72.63,26.17
17-11-2022 00:00,204.35,16.2,1.1,46.49,71.72,26.17
18-11-2022 00:00,171.54,11.89,0.98,42.17,65.65,26.17
19-11-2022 00:00,102.92,10.51,0.53,56.96,58.04,26.17
20-11-2022 00:00,145.62,13.46,0.34,46.51,67.25,26.17
21-11-2022 00:00,119.02,14.22,0.62,37.38,63.75,26.17
22-11-2022 00:00,151.2,12.95,0.83,50.38,67.08,26.17
23-11-2022 00:00,158.83,12.22,1.17,34,70.76,26.17
24-11-2022 00:00,193.61,11.89,1.07,46.53,64.45,26.17
25-11-2022 00:00,198.25,9.42,1.27,44.19,65.35,26.17
26-11-2022 00:00,192.36,8.66,0.77,41.42,71.86,26.17
27-11-2022 00:00,214.82,7.75,0.85,30.23,75.68,26.17
28-11-2022 00:00,217.66,6.24,1.03,34.82,74.71,26.17
29-11-2022 00:00,178.09,5.77,1.51,35.37,71.92,26.17
30-11-2022 00:00,175.09,5.94,1.47,40.69,65.07,26.17
1/12/2022 0:00,177.55,5.36,1.13,40.03,67.2,26.17
2/12/2022 0:00,193.25,5.6,1.42,41.25,69.86,26.17
3/12/2022 0:00,236.28,12.99,1.72,40.54,68.65,26.17
4/12/2022 0:00,213.22,12.38,1.5,48,69.74,26.17
5/12/2022 0:00,195.29,12.88,1.53,47.5,70.85,26.17
6/12/2022 0:00,171.91,13.53,1.39,42.71,72.78,26.17
7/12/2022 0:00,221.5,14.86,1.31,44.65,70.32,26.17
8/12/2022 0:00,210.49,28.37,0.84,40.67,73.56,26.17
9/12/2022 0:00,208.92,28.37,0.9,35.04,76.71,26.17
10/12/2022 0:00,232.74,28.37,1.1,32.55,77.31,26.17
11/12/2022 0:00,243.62,28.37,0.79,41.45,74.73,26.17
12/12/2022 0:00,246.8,28.37,1.54,40.88,76.57,26.17
13-12-2022 00:00,271.17,13.85,1.88,44.52,71.73,26.17
14-12-2022 00:00,259.84,13.89,1.71,34.48,74.08,26.17
15-12-2022 00:00,186.37,13.84,1.31,38.99,66.19,26.17
16-12-2022 00:00,199.6,13.73,0.76,33.56,61.19,26.17
17-12-2022 00:00,231.24,13.77,1.24,35.45,71.68,26.17
18-12-2022 00:00,251.24,13.75,1.21,30.16,84.61,26.17
19-12-2022 00:00,217.55,13.95,0.77,29.13,81.8,26.17
20-12-2022 00:00,225.76,13.8,1.34,29.04,80.08,26.17
21-12-2022 00:00,239.02,13.76,2.05,21.68,80.88,26.17
22-12-2022 00:00,218.14,13.85,1.88,36.66,80.17,26.17
23-12-2022 00:00,191.45,13.65,2.39,39.4,72.4,26.17
24-12-2022 00:00,229.34,13.75,2.02,41.24,70.05,26.17
25-12-2022 00:00,173.98,13.6,0.81,58.35,76.12,26.17
26-12-2022 00:00,124.25,13.87,0.69,47.17,84.16,26.17
27-12-2022 00:00,103,13.46,0.79,39.64,85.77,26.17
28-12-2022 00:00,158.66,13.8,0.95,56.94,74.71,26.17
29-12-2022 00:00,139.92,13.92,1.02,59.2,57.28,26.17
30-12-2022 00:00,187.9,13.86,1.47,42.52,72.99,26.17
31-12-2022 00:00,179.09,13.8,1.07,63.3,71.31,26.17
1/1/2023 0:00,160.5,13.77,1.08,63.34,77.86,26.17
2/1/2023 0:00,143.64,13.79,1.12,41.21,75.44,26.17
3/1/2023 0:00,166.27,13.89,1.32,34.18,88.5,26.17
4/1/2023 0:00,138.54,13.73,0.94,37.92,86.44,26.17
5/1/2023 0:00,155.7,13.78,1.09,43.93,82.53,26.17
6/1/2023 0:00,155.56,13.81,0.98,41.02,77.02,26.17
7/1/2023 0:00,183.57,13.83,1.21,46.62,78.99,26.17
8/1/2023 0:00,198.6,13.86,1.06,50.7,74.89,26.17
9/1/2023 0:00,180.79,13.81,1.23,37.41,71.56,26.17
10/1/2023 0:00,158.73,13.17,1.78,43.15,65.25,26.17
11/1/2023 0:00,228.04,10.9,1.4,47.94,63.6,26.17
12/1/2023 0:00,168.54,10.68,1.71,45.59,65.77,26.17
13-01-2023 00:00,144.24,10.69,0.99,52.69,82.17,26.17
14-01-2023 00:00,101.82,10.82,1.03,41.12,89,26.17
15-01-2023 00:00,147.07,10.77,1.01,42.79,79.25,26.17
16-01-2023 00:00,138.21,10.77,0.72,50.32,68.96,26.17
17-01-2023 00:00,136.41,10.88,0.71,55.15,68.23,26.17
18-01-2023 00:00,148.14,28.37,0.69,68.32,65.55,26.17
19-01-2023 00:00,171.23,10.88,0.7,62,68.04,26.17
20-01-2023 00:00,198.92,10.83,1,43.85,72.79,26.17
21-01-2023 00:00,249.73,10.85,1.29,37.79,71.32,26.17
22-01-2023 00:00,215.32,10.88,0.61,41.3,73.15,26.17
23-01-2023 00:00,176.55,10.78,0.51,31.5,79.36,26.17
24-01-2023 00:00,166.27,10.86,0.31,21.27,83.21,26.17
25-01-2023 00:00,182.77,10.88,0.3,25.53,78.13,26.17
26-01-2023 00:00,154.85,10.77,0.32,35.79,69.15,26.17
27-01-2023 00:00,149.45,10.75,0.62,28.72,77.2,26.17
28-01-2023 00:00,136.26,10.6,0.55,31.47,72.45,26.17
29-01-2023 00:00,151.22,10.84,0.36,48.37,62.52,26.17
30-01-2023 00:00,99.08,10.75,0.53,38.9,74.07,26.17
31-01-2023 00:00,99.08,10.83,1.08,28.63,76.17,26.17
1/2/2023 0:00,102.63,10.54,0.85,27.54,66.67,26.17
2/2/2023 0:00,103.55,10.74,0.9,54.56,62.43,26.17
3/2/2023 0:00,120.01,10.75,1.51,46.53,75.54,26.17
4/2/2023 0:00,166.83,10.69,2.31,45.39,71.36,26.17
5/2/2023 0:00,143.85,10.8,1.72,44.82,67.34,26.17
6/2/2023 0:00,162.86,10.58,2.11,40.55,63.21,26.17
7/2/2023 0:00,94.03,10.7,1.17,39.99,67.95,26.17
8/2/2023 0:00,84.96,10.85,1.04,43.38,76.16,26.17
9/2/2023 0:00,120.15,10.86,1.47,44.18,75,26.17
10/2/2023 0:00,172.18,10.71,2.25,47.63,65.75,26.17
11/2/2023 0:00,110.72,10.79,1.13,58.27,74.74,26.17
12/2/2023 0:00,110.09,10.74,1.1,55.64,64.22,26.17
13-02-2023 00:00,97.5,10.8,1.28,55.28,36.22,26.17
14-02-2023 00:00,150.82,10.88,1.84,56.3,55.84,26.17
15-02-2023 00:00,192.09,10.77,2.48,47.66,59.22,26.17
16-02-2023 00:00,201.8,10.72,2.45,44.59,62.33,26.17
17-02-2023 00:00,117.47,10.74,1.4,24.54,81.34,26.17
18-02-2023 00:00,94.27,10.87,1.15,14.99,88.88,26.17
19-02-2023 00:00,82.1,10.62,1.01,28.39,83.08,26.17
20-02-2023 00:00,64.19,10.82,0.9,29.6,83.31,26.17
21-02-2023 00:00,74.66,10.77,0.9,35.26,81.23,26.17
22-02-2023 00:00,82.08,10.96,0.83,42.43,84.62,26.17
23-02-2023 00:00,68.63,10.74,0.92,38.62,69.48,26.17
24-02-2023 00:00,79.97,10.84,0.85,40.29,80.08,26.17
25-02-2023 00:00,109.23,10.74,1.15,35.83,69.72,26.17
26-02-2023 00:00,126.79,10.8,1.26,50.33,65.36,26.17
27-02-2023 00:00,97.16,10.76,1.03,27.79,76.81,26.17
28-02-2023 00:00,103.72,10.72,1.19,36.69,65.28,26.17
1/3/2023 0:00,88.3,10.69,1.04,40.88,70.17,26.17
2/3/2023 0:00,90.57,10.68,1.37,30.44,66.27,26.17
3/3/2023 0:00,118.14,10.6,1.53,33.39,53.31,26.17
4/3/2023 0:00,140.81,10.69,1.72,41.35,46.23,26.17
5/3/2023 0:00,146.3,10.76,1.59,39.62,50.48,26.17
6/3/2023 0:00,115.88,10.75,1.37,41.11,46.6,26.17
7/3/2023 0:00,92.5,10.72,1.38,39.87,44.6,26.17
8/3/2023 0:00,98.48,10.8,1.39,49.9,43.65,26.17
9/3/2023 0:00,95.55,10.58,1.38,46.42,46.46,26.17
10/3/2023 0:00,127.72,10.96,1.54,31.17,60.89,26.17
11/3/2023 0:00,108.77,10.84,1.15,52.74,49.39,26.17
12/3/2023 0:00,129.68,10.64,1.4,55.09,51.82,26.17
13-03-2023 00:00,126.72,10.65,1.4,68.01,53.39,26.17
14-03-2023 00:00,102.66,10.67,1,72.64,60.65,26.17
15-03-2023 00:00,85.09,10.51,0.94,73.58,62.29,26.17
16-03-2023 00:00,72.45,10.52,0.69,53.03,81.96,26.17
17-03-2023 00:00,74.68,10.66,1.04,40.32,82.09,26.17
18-03-2023 00:00,123.95,10.83,1.16,26.22,88.45,26.17
19-03-2023 00:00,34.67,10.67,0.64,23.37,97.14,26.17
20-03-2023 00:00,25.75,10.74,0.65,37.44,85.25,26.17
21-03-2023 00:00,56.07,10.84,0.95,25.18,85.64,26.17
22-03-2023 00:00,78.34,11.09,0.87,61.38,72.71,26.17
23-03-2023 00:00,61.12,11.07,0.75,49.9,78.03,26.17
24-03-2023 00:00,72.46,10.95,0.77,65.04,72.23,26.17
25-03-2023 00:00,53.41,10.92,0.62,41.66,79.41,26.17
26-03-2023 00:00,54.07,10.89,0.61,45.33,78.22,26.17
27-03-2023 00:00,80.95,10.89,0.79,59.45,74.27,26.17
28-03-2023 00:00,81.08,10.98,0.77,77.54,68.79,26.17
29-03-2023 00:00,51.54,11.08,0.58,41.17,80.54,26.17
30-03-2023 00:00,50.14,11.08,0.58,41.4,81.49,26.17
31-03-2023 00:00,62.61,10.92,0.75,61.58,75.96,26.17
1/4/2023 0:00,52.31,12.79,0.83,47.6,84.35,26.17
2/4/2023 0:00,53.01,9.98,0.75,64.23,67,26.17
3/4/2023 0:00,64.95,10.46,0.79,76.12,64.58,26.17
4/4/2023 0:00,59.41,10.69,0.63,46.59,83.36,26.17
5/4/2023 0:00,80.4,9.48,0.95,55,63.66,26.17
6/4/2023 0:00,126,8.71,1.1,64.59,51.89,26.17
7/4/2023 0:00,105.74,10.42,0.95,73.67,58.47,26.17
8/4/2023 0:00,121.22,10.45,1.02,66.24,58.22,26.17
9/4/2023 0:00,126.3,10.37,1.14,69.71,50.88,26.17
10/4/2023 0:00,135.47,10.99,1.07,80.35,60.4,26.17
11/4/2023 0:00,142.48,10.96,1.1,63.71,54.14,26.17
12/4/2023 0:00,108.75,14.86,1.32,50.32,51.64,26.17
13-04-2023 00:00,157.69,9.77,1.12,76.03,36.57,26.17
14-04-2023 00:00,126.33,7.6,1.05,67.69,42.27,26.17
15-04-2023 00:00,125.41,6.01,0.97,25.19,68.43,26.17
16-04-2023 00:00,146.71,6.71,0.91,39.45,61.98,26.17
17-04-2023 00:00,131.23,6.73,0.9,47.12,66.64,26.17
18-04-2023 00:00,111.21,6.18,0.82,46.27,79.4,26.17
19-04-2023 00:00,91.27,5.35,0.81,46.03,72.07,26.17
20-04-2023 00:00,103.37,6.36,0.84,43.27,62.29,26.17
21-04-2023 00:00,113.88,8.37,0.2,38.88,36.41,26.17
22-04-2023 00:00,109.52,7.68,0.21,62.24,42.22,26.17
23-04-2023 00:00,57.29,7.84,0.12,65.58,53.72,26.17
24-04-2023 00:00,69.96,6.24,0.28,34.64,76.49,26.17
25-04-2023 00:00,91.92,4.18,0.3,35.51,70.31,26.17
26-04-2023 00:00,83.42,7.35,0.18,41.47,67.39,26.17
27-04-2023 00:00,67.67,5.32,0.21,36.85,80.57,26.17
28-04-2023 00:00,68.87,4.49,0.2,33.94,78.57,26.17
29-04-2023 00:00,61.33,4.06,0.16,46.67,73.79,26.17
30-04-2023 00:00,55.57,4.93,0.2,40.32,77.1,26.17
1/5/2023 0:00,63.09,3.85,0.22,23.2,78.46,26.17
2/5/2023 0:00,61.56,5.17,0.17,37.92,62.66,26.17
3/5/2023 0:00,59.33,4.58,0.21,21.04,82.57,26.17
4/5/2023 0:00,44.35,3.59,0.21,22.3,76.63,26.17
5/5/2023 0:00,52.02,5.87,0.15,27.33,75.37,26.17
6/5/2023 0:00,75.06,6.43,0.22,51.22,68.01,26.17
7/5/2023 0:00,79.39,6.57,0.33,43.11,62.78,26.17
8/5/2023 0:00,75.98,7.22,0.35,40.38,61.2,26.17
9/5/2023 0:00,92.21,6.32,0.3,44.75,63.16,26.17
10/5/2023 0:00,73.4,6.45,0.23,36.28,68.34,26.17
11/5/2023 0:00,62.21,6.17,0.26,32.11,69.58,26.17
12/5/2023 0:00,55.65,6.53,0.23,19.07,74.48,26.17
13-05-2023 00:00,52.66,6.34,0.2,30.03,76.44,26.17
14-05-2023 00:00,80.52,6.64,0.16,51.99,57.74,26.17
15-05-2023 00:00,76.38,6.82,0.28,39.88,66.03,26.17
16-05-2023 00:00,70.28,7.98,0.27,38.86,81.83,26.17
17-05-2023 00:00,58.39,10.19,0.14,36.94,78.87,26.17
18-05-2023 00:00,41.47,6.35,0.13,37.26,83.96,26.17
19-05-2023 00:00,59.81,6.55,0.15,39.01,75.78,26.17
20-05-2023 00:00,59.15,6.69,0.21,41.6,72.51,26.17
21-05-2023 00:00,74.93,6.28,0.37,29.54,82.74,26.17
22-05-2023 00:00,61.94,6.54,0.37,36.92,71.24,26.17
23-05-2023 00:00,76.23,6.34,0.48,49,74.98,26.17
24-05-2023 00:00,49.73,6.49,0.36,41.52,79.84,26.17
25-05-2023 00:00,57.14,6.32,0.32,42.54,78.33,26.17
26-05-2023 00:00,40.56,10.02,0.37,42.75,83.28,26.17
27-05-2023 00:00,58.03,12.43,0.15,39.83,81.84,26.17
28-05-2023 00:00,60.95,11.46,0.11,51.63,71.14,26.17
29-05-2023 00:00,140.76,12.03,0.44,41.29,69.24,26.17
30-05-2023 00:00,83.38,10.63,0.36,40.86,71.99,26.17
31-05-2023 00:00,71.75,10.64,0.36,44.28,73.46,26.17
1/6/2023 0:00,92.12,10.63,0.51,66.02,65.7,26.17
2/6/2023 0:00,83.65,9.9,0.45,62.43,70.8,26.17
3/6/2023 0:00,86.58,9.27,0.41,53.44,75.64,26.17
4/6/2023 0:00,83.81,8.48,0.39,55.42,76.46,26.17
5/6/2023 0:00,74.71,10.98,0.35,51.42,66.65,26.17
6/6/2023 0:00,76.64,16.04,0.25,50.72,71.23,26.17
7/6/2023 0:00,64.68,16.79,0.32,56.77,68.35,26.17
8/6/2023 0:00,73.27,15.83,0.22,53.14,82.9,26.17
9/6/2023 0:00,59.4,15.95,0.17,52.88,88.17,26.17
10/6/2023 0:00,77.81,17.44,0.31,42.4,80.99,26.17
11/6/2023 0:00,70.5,15.62,0.15,57.59,75.28,26.17
12/6/2023 0:00,78.86,16.7,0.26,49.84,75.34,26.17
13-06-2023 00:00,70.55,16.25,0.26,52.45,71.97,26.17
14-06-2023 00:00,67.7,15.24,0.22,60.97,71.49,26.17
15-06-2023 00:00,70.24,16.93,0.2,49.41,76.77,26.17
16-06-2023 00:00,73.63,19.68,0.12,44.4,77.97,26.17
17-06-2023 00:00,67.05,14.6,0.12,39.33,81.14,26.17
18-06-2023 00:00,61.39,10.82,0.18,35.12,86.78,26.17
19-06-2023 00:00,51.6,19.18,0.24,29.29,91.73,26.17
20-06-2023 00:00,48.91,15.37,0.22,24.52,83.31,26.17
21-06-2023 00:00,45.97,16.15,0.31,23.98,86.07,26.17
22-06-2023 00:00,43.17,15.13,0.31,22.61,88.53,26.17
23-06-2023 00:00,24.7,13,0.28,24.24,84.02,26.17
24-06-2023 00:00,23.79,16.65,0.35,23.31,93.46,26.17
25-06-2023 00:00,22.54,11.58,0.32,26.79,95.77,26.17
26-06-2023 00:00,19.72,13.8,0.36,27.95,97.94,26.17
27-06-2023 00:00,23.5,11.51,0.31,23.27,96.8,26.17
28-06-2023 00:00,26.43,12.69,0.32,24.44,98.98,26.17
29-06-2023 00:00,43.36,11.15,0.35,23.61,97.84,26.17
30-06-2023 00:00,47.63,12.26,0.33,25.01,93.24,26.17
1/7/2023 0:00,39.29,11.93,0.32,23.17,91.06,26.17
2/7/2023 0:00,50.61,9.21,0.26,32.53,85.06,26.17
3/7/2023 0:00,43.14,9.49,0.33,23.39,85.64,26.17
4/7/2023 0:00,33.41,10.64,0.3,16.83,80.6,26.17
5/7/2023 0:00,27.08,11.76,0.32,16.8,89.75,26.17
6/7/2023 0:00,39.48,13.43,0.24,12.33,96.54,26.17
7/7/2023 0:00,43.36,11.8,0.23,16.83,94.65,26.17
8/7/2023 0:00,40.77,10.05,0.18,22.83,91.17,26.17
9/7/2023 0:00,53.28,8.21,0.18,29.46,83.95,26.17
10/7/2023 0:00,60.07,10.47,0.21,27.47,88.69,26.17
11/7/2023 0:00,43.17,9.7,0.18,18.06,86.83,26.17
12/7/2023 0:00,32.79,10.08,0.21,14.12,88.07,26.17
13-07-2023 00:00,25.76,10.12,0.22,15.15,84.87,26.17
14-07-2023 00:00,43.3,12.29,0.29,24.29,88.11,26.17
15-07-2023 00:00,34.41,11.85,0.29,15.61,94.91,26.17
16-07-2023 00:00,27.15,10.83,0.32,20.68,92.47,26.17
17-07-2023 00:00,26.91,11.87,0.37,18.21,95.98,26.17
18-07-2023 00:00,28.86,10.26,0.32,17.85,88.64,26.17
19-07-2023 00:00,28.73,9.9,0.32,18.67,92.04,26.17
20-07-2023 00:00,29.15,13.69,0.28,17.88,86.19,26.17
21-07-2023 00:00,26.96,13.25,0.29,18.57,94.91,26.17
22-07-2023 00:00,30.71,12.15,0.32,15.58,97.26,26.17
23-07-2023 00:00,26.75,11.87,0.26,17.95,86.8,26.17
24-07-2023 00:00,30.99,15.69,0.35,15.98,90.66,26.17
25-07-2023 00:00,27.3,15.1,0.31,14.32,94,26.17
26-07-2023 00:00,38.38,13.94,0.31,15.84,95.63,26.17
27-07-2023 00:00,28.65,13.27,0.27,19.28,90.1,26.17
28-07-2023 00:00,23.66,14.14,0.3,20.3,94.18,26.17
29-07-2023 00:00,27.65,11.62,0.38,18.82,96.76,26.17
30-07-2023 00:00,31.24,13.78,0.2,21.18,87.03,26.17
31-07-2023 00:00,48.83,16.28,0.28,26.93,89.18,26.17
1/8/2023 0:00,30.19,16.66,0.27,26.07,93.51,26.17
2/8/2023 0:00,21.65,14.49,0.18,18.74,94.66,26.17
3/8/2023 0:00,41.78,16.63,0.19,21.47,90.72,26.17
4/8/2023 0:00,51.88,20.6,0.19,24.52,84.35,26.17
5/8/2023 0:00,52.53,16.72,0.23,26.46,87.52,26.17
6/8/2023 0:00,47.82,16.4,0.26,20.36,97.39,26.17
7/8/2023 0:00,45.56,18.52,0.31,18.21,98.8,26.17
8/8/2023 0:00,59.07,23.11,0.35,18.96,93.11,26.17
9/8/2023 0:00,86.31,24.62,0.63,21.77,89.1,26.17
10/8/2023 0:00,101.22,28.44,0.51,21.13,91.51,26.17
11/8/2023 0:00,66.62,20.71,0.33,34.07,90.54,26.17
12/8/2023 0:00,65.9,18.59,0.39,26.1,94.39,26.17
13-08-2023 00:00,55.69,16.47,0.37,26.93,94.13,26.17
14-08-2023 00:00,79.1,16.03,0.39,29.49,87.59,26.17
15-08-2023 00:00,83.49,19.56,0.52,28.61,93.63,26.17
16-08-2023 00:00,61.5,25.57,0.44,26.39,92.97,26.17
17-08-2023 00:00,61,20.95,0.45,24.12,96.47,26.17
18-08-2023 00:00,38.73,14.34,0.26,24.36,93.87,26.17
19-08-2023 00:00,26.73,11.65,0.15,28.57,91.62,26.17
20-08-2023 00:00,59.77,11.28,0.11,30.24,83.95,26.17
21-08-2023 00:00,49.38,12.92,0.14,30.08,86.49,26.17
22-08-2023 00:00,55.79,13.02,0.17,31.24,92.34,26.17
23-08-2023 00:00,46.26,14.9,0.23,24.23,95.14,26.17
24-08-2023 00:00,35.8,12.32,0.17,25.88,92.34,26.17
25-08-2023 00:00,36.11,15.76,0.3,16.46,98.94,26.17
26-08-2023 00:00,53.09,12.41,0.34,21.46,94.79,26.17
27-08-2023 00:00,101.26,13.16,0.27,32.77,82.23,26.17
28-08-2023 00:00,156.08,16.38,0.54,31.11,79.63,26.17
29-08-2023 00:00,171.42,21.27,0.84,22.15,85.93,26.17
30-08-2023 00:00,153.75,19.44,0.86,24.28,79.31,26.17
31-08-2023 00:00,134.74,17.16,0.8,28.73,90.71,26.17
1/9/2023 0:00,117.51,15.71,0.62,29.26,87.66,26.17
2/9/2023 0:00,94.06,14.91,0.67,26.48,94.12,26.17
3/9/2023 0:00,66.19,14.18,0.7,23.53,86.32,26.17
4/9/2023 0:00,38.58,11.44,0.57,16.51,97.58,26.17
5/9/2023 0:00,26.2,12.73,0.48,16.87,93.57,26.17
6/9/2023 0:00,22.82,17.62,0.32,17.28,91.19,26.17
7/9/2023 0:00,22.38,11.32,0.42,21.41,97.53,26.17
8/9/2023 0:00,28.94,11.6,0.51,19.11,98.69,26.17
9/9/2023 0:00,34.35,10.03,0.4,22.02,90.08,26.17
10/9/2023 0:00,38.17,8.87,0.44,25.56,86.23,26.17
11/9/2023 0:00,36.75,7.48,0.48,21.97,84.72,26.17
12/9/2023 0:00,43.72,6.55,0.78,16.14,92.49,26.17
13-09-2023 00:00,35.43,7.15,0.55,19.02,94.2,26.17
14-09-2023 00:00,23.57,7.37,0.5,22,98.75,26.17
15-09-2023 00:00,34.96,7.27,0.59,20.34,96.9,26.17
16-09-2023 00:00,35.81,8.36,0.55,22.48,87.18,26.17
17-09-2023 00:00,38.86,8.24,0.62,20.68,80.27,26.17
18-09-2023 00:00,41.14,7.26,0.69,21.33,92.22,26.17
19-09-2023 00:00,23.18,7.48,0.44,16.57,94.71,26.17
20-09-2023 00:00,27.17,6.48,0.24,16.71,98.51,26.17
21-09-2023 00:00,30.29,6.53,0.21,23.78,98.77,26.17
22-09-2023 00:00,36.06,8.36,0.23,20.38,98.01,26.17
23-09-2023 00:00,32.11,6.07,0.22,20.19,96.81,26.17
24-09-2023 00:00,37.33,4.46,0.24,22.28,96.74,26.17
25-09-2023 00:00,36.8,4.7,0.25,25.41,92.13,26.17
26-09-2023 00:00,40,2.88,0.21,21.53,86.68,26.17
27-09-2023 00:00,58.25,2.21,0.33,21.09,85.97,26.17
28-09-2023 00:00,63.88,2.1,0.53,22.33,86.48,26.17
29-09-2023 00:00,95.37,1.49,0.95,18.58,97.17,26.17
30-09-2023 00:00,37.91,1.2,0.49,18.02,98.69,26.17
1/10/2023 0:00,29.45,1.04,0.44,26.67,97.64,26.17
2/10/2023 0:00,35.55,1.91,0.57,24.48,97.92,26.17
3/10/2023 0:00,30.05,3.25,0.54,24.09,98.71,26.17
4/10/2023 0:00,25.64,19.28,0.65,22.84,98.82,26.17
5/10/2023 0:00,59.23,9.7,0.71,32.98,96.09,26.17
6/10/2023 0:00,56.75,7.79,0.97,24.57,90.94,26.17
7/10/2023 0:00,75.78,7.53,1.07,25.13,87.71,26.17
8/10/2023 0:00,92.97,6.88,1.06,32.65,84.47,26.17
9/10/2023 0:00,110.46,7.59,1.08,33.28,82.6,26.17
10/10/2023 0:00,140.46,7.34,1.28,35.33,79.54,26.17
11/10/2023 0:00,165.79,10.59,1.58,32.36,78.14,26.17
12/10/2023 0:00,164.73,12.92,1.58,29.23,77.68,26.17
13-10-2023 00:00,139.11,14.18,1.47,31.95,72,26.17
14-10-2023 00:00,133.2,12.66,1.59,29.38,80.5,26.17
15-10-2023 00:00,129.98,14.44,1.22,47.31,73.66,26.17
16-10-2023 00:00,161.13,15.75,1.63,42.16,74.81,26.17
17-10-2023 00:00,188.68,15.76,1.74,27.88,83.67,26.17
18-10-2023 00:00,139.54,14.34,1.01,37.35,79.49,26.17
19-10-2023 00:00,97.6,15.04,0.99,41.99,76.67,26.17
20-10-2023 00:00,93.53,15.98,0.98,46.4,72.1,26.17
21-10-2023 00:00,98.15,14.87,0.97,40.77,72.87,26.17
22-10-2023 00:00,88.45,13.94,0.71,37.65,78.02,26.17
23-10-2023 00:00,71.16,13.23,0.43,25.53,91.43,26.17
24-10-2023 00:00,34.16,12.02,0.19,20.51,92.29,26.17
25-10-2023 00:00,63.82,11.19,0.37,22.1,86.79,26.17
26-10-2023 00:00,103.04,20.83,0.42,23.03,81.44,26.17
27-10-2023 00:00,109.99,19.46,0.4,25.45,86.1,26.17
28-10-2023 00:00,140.51,22.69,0.44,36.19,81.66,26.17
29-10-2023 00:00,124.65,20.05,0.52,37.79,76.89,26.17
30-10-2023 00:00,116.81,22.17,0.5,39.2,75.84,26.17
31-10-2023 00:00,127.53,21.46,0.55,32.45,78.01,26.17
1/11/2023 0:00,116.25,22.82,0.23,34.49,77.48,26.17
2/11/2023 0:00,124.02,23.09,0.3,34.74,77.09,26.17
3/11/2023 0:00,173.32,19.28,0.5,34.42,78.15,26.17
4/11/2023 0:00,102.55,19.52,0.11,29.09,80.61,26.17
5/11/2023 0:00,139.13,18.12,0.1,37.89,79.65,26.17
6/11/2023 0:00,139.53,24.79,0.72,45.08,68.27,26.17
7/11/2023 0:00,180.81,21.52,0.98,36.77,78.61,26.17
8/11/2023 0:00,195.9,16.52,1.36,42.48,75.85,26.17
9/11/2023 0:00,233.59,9.53,1.48,44.96,78.08,26.17
10/11/2023 0:00,260.46,9.16,1.79,40.99,78.4,26.17
11/11/2023 0:00,238.74,13.34,1.5,44.72,78.12,26.17
12/11/2023 0:00,208.46,9.35,1.2,39.61,79.29,26.17
13-11-2023 00:00,240.62,8.4,0.97,34.11,77.28,26.17
14-11-2023 00:00,125.92,9.27,0.91,36.73,74.91,26.17
15-11-2023 00:00,108.36,13.36,0.95,34.44,72.89,26.17
16-11-2023 00:00,86.16,6.75,0.76,36.4,79.27,26.17
17-11-2023 00:00,42.85,4.15,0.55,23.23,88.77,26.17
18-11-2023 00:00,50.07,4.87,0.93,23.94,83.38,26.17
19-11-2023 00:00,144.33,6.19,0.91,31.42,79.92,26.17
20-11-2023 00:00,123.49,7.22,1.15,29,77.36,26.17
21-11-2023 00:00,154.94,11.31,1.32,32.49,75.68,26.17
22-11-2023 00:00,195.11,13.53,1.39,51.19,73.01,26.17
23-11-2023 00:00,226.35,12.65,1.83,44.02,78.09,26.17
24-11-2023 00:00,237.87,10,2.06,28.78,78.34,26.17
25-11-2023 00:00,182.36,10.75,1.46,33.9,74.56,26.17
26-11-2023 00:00,144.41,13.94,1.18,34.23,73.93,26.17
27-11-2023 00:00,172.79,27.03,1.6,22.5,77.37,26.17
28-11-2023 00:00,136.81,34.05,1.32,33.52,71.96,26.17
29-11-2023 00:00,172.03,31.57,1.74,28.26,84.37,26.17
30-11-2023 00:00,179.15,29.86,1.26,35,81.88,26.17
1/12/2023 0:00,98.63,27.93,0.29,44.52,62.93,26.17
2/12/2023 0:00,126.2,25.03,0.58,40.7,69.47,26.17
3/12/2023 0:00,183.92,28.37,0.86,53.54,72.89,26.17
4/12/2023 0:00,154.4,38.76,0.96,31.24,77.4,26.17
5/12/2023 0:00,130.68,27.75,0.66,28.93,64.85,26.17
6/12/2023 0:00,99.08,28.37,0.85,39.45,78.75,26.17
7/12/2023 0:00,50.39,4.35,0.55,14.33,99.07,26.17
8/12/2023 0:00,49.15,2.43,0.56,19.95,96.8,26.17
9/12/2023 0:00,112.76,4.33,1.18,30.31,86.49,26.17
10/12/2023 0:00,180.67,8.17,1.58,34.96,78.77,26.17
11/12/2023 0:00,143.04,8.86,0.98,41.61,74.74,26.17
12/12/2023 0:00,168.77,9.98,1.36,34.36,77.41,26.17
13-12-2023 00:00,171.68,10.95,1.36,34.33,74.68,26.17
14-12-2023 00:00,183.92,12.41,1.47,39.01,73.83,26.17
15-12-2023 00:00,227.38,11.85,2.27,34.48,77.64,26.17
16-12-2023 00:00,205.92,13.71,1.74,36.88,75.35,26.17
17-12-2023 00:00,207.39,10.38,1.72,41.02,74.08,26.17
18-12-2023 00:00,199.63,10.07,1.55,35.62,74.55,26.17
19-12-2023 00:00,185.45,9.25,1.47,48.68,68.96,26.17
20-12-2023 00:00,171.36,8.67,1.4,32.35,75.48,26.17
21-12-2023 00:00,147.57,7.21,1.38,38.97,72.99,26.17
22-12-2023 00:00,176.25,7.13,1.78,26.98,82.34,26.17
23-12-2023 00:00,198.41,6.78,1.72,23.71,82.28,26.17
24-12-2023 00:00,167.52,4.4,1.61,21.55,89.28,26.17
25-12-2023 00:00,220.73,6.62,2.67,26.48,85.18,26.17
26-12-2023 00:00,206.97,6.46,2.31,23.87,82.23,26.17
27-12-2023 00:00,198.87,6.45,1.66,20.54,84.16,26.17
28-12-2023 00:00,186.4,4.38,1.82,22.54,83.52,26.17
29-12-2023 00:00,185.89,4.6,1.85,26.61,82.42,26.17
30-12-2023 00:00,182.31,6.84,1.48,28.59,77.48,26.17
31-12-2023 00:00,166.56,4.99,1.3,25.88,83.35,26.17
1/1/2024 0:00,182.14,4.5,1.59,28.29,87.06,26.17
2/1/2024 0:00,176.95,4.8,1.6,27.46,81.54,26.17
3/1/2024 0:00,147.43,4.62,1.73,29.89,79.29,26.17
4/1/2024 0:00,183.37,5.71,2.22,28.55,81.33,26.17
5/1/2024 0:00,219.12,7.05,2.58,35.79,75.33,26.17
6/1/2024 0:00,203.83,7.88,2.2,32.39,75.44,26.17
7/1/2024 0:00,206.46,6.52,1.73,35.59,81.3,26.17
8/1/2024 0:00,220.85,5.74,1.79,32.08,86.47,26.17
9/1/2024 0:00,185.97,4.98,1.54,33.51,83.56,26.17
10/1/2024 0:00,213.83,6.88,1.17,34.71,75.65,26.17
11/1/2024 0:00,213.38,5.94,0.77,41.18,76.99,26.17
12/1/2024 0:00,174.03,4.6,0.49,40.89,78.02,26.17
13-01-2024 00:00,191.98,5.68,0.78,36.57,75.08,26.17
14-01-2024 00:00,221.21,5.65,0.72,46.2,76.96,26.17
15-01-2024 00:00,208.28,3.19,0.78,36.09,88.2,26.17
16-01-2024 00:00,188.69,3.66,0.71,39.35,86.9,26.17
17-01-2024 00:00,162.08,4.6,0.75,19.58,87.67,26.17
18-01-2024 00:00,159.29,4.22,0.71,17.19,92.25,26.17
19-01-2024 00:00,150.2,2.81,0.64,28.95,90.63,26.17
20-01-2024 00:00,190.79,3.6,1.12,32.59,89.18,26.17
21-01-2024 00:00,239.1,4.46,1.41,25.71,85.78,26.17
22-01-2024 00:00,202.76,4.37,0.93,32.33,85.48,26.17
23-01-2024 00:00,202.45,10.41,1.29,32.36,73.89,26.17
24-01-2024 00:00,185.86,11.32,1.17,30.95,77.82,26.17
25-01-2024 00:00,170,11.83,1.39,25.71,83.16,26.17
26-01-2024 00:00,192.33,1.7,1.39,41.63,75.14,26.17
27-01-2024 00:00,161.54,0.43,1.68,31.03,68.42,26.17
28-01-2024 00:00,195.09,1.82,1.72,41.37,67.37,26.17
29-01-2024 00:00,174.72,3.95,1.51,50.46,65.76,26.17
30-01-2024 00:00,139.35,14.55,1.03,56.29,80.64,26.17
31-01-2024 00:00,115.63,16.11,0.83,51.2,84.65,26.17
1/2/2024 0:00,128.99,14.64,1.08,14.22,98.26,26.17
2/2/2024 0:00,124.11,10.68,1.12,22.8,87.91,26.17
3/2/2024 0:00,135.32,16.92,1.07,41.17,73.51,26.17
4/2/2024 0:00,157.7,14.26,1.24,39.17,71.58,26.17
5/2/2024 0:00,156.58,14.95,1.19,38.94,73.67,26.17
6/2/2024 0:00,129.46,9.94,0.7,24.45,89.68,26.17
7/2/2024 0:00,124.99,9.37,1.01,34.57,74.92,26.17
8/2/2024 0:00,124.41,17.2,1.09,47.95,51.07,26.17
9/2/2024 0:00,114.66,15.91,1.03,60.73,50.15,26.17
10/2/2024 0:00,143.49,16.08,1.29,48.08,62.21,26.17
11/2/2024 0:00,188.4,19.84,1.7,44.99,64.8,26.17
12/2/2024 0:00,207.96,20.28,2.09,37.18,64.33,26.17
13-02-2024 00:00,189.62,13.44,1.82,41.1,70.5,26.17
14-02-2024 00:00,175.56,11.77,1.56,34.49,73.06,26.17
15-02-2024 00:00,187.99,11.66,1.55,36.11,76.16,26.17
16-02-2024 00:00,152.79,8.58,1.23,31.94,85.32,26.17
17-02-2024 00:00,178.97,20.79,1.65,36.98,72.54,26.17
18-02-2024 00:00,172.95,15.75,1.2,35.97,75.32,26.17
19-02-2024 00:00,106.83,7.32,0.69,31.41,83.65,26.17
20-02-2024 00:00,94.76,4.27,0.5,34.41,85.31,26.17
21-02-2024 00:00,100.11,6.36,0.77,40.21,69.05,26.17
22-02-2024 00:00,149.55,5.18,0.81,26.38,87.16,26.17
23-02-2024 00:00,91.43,5.55,0.7,34.7,67.28,26.17
24-02-2024 00:00,108.86,7.84,0.81,43.96,59.87,26.17
25-02-2024 00:00,94.83,5.42,0.75,52.8,62.75,26.17
26-02-2024 00:00,104.3,8.92,0.78,54.04,58.55,26.17
27-02-2024 00:00,126.36,13.47,0.97,60.02,49.2,26.17
28-02-2024 00:00,130.03,9.85,0.9,54.62,64.34,26.17
29-02-2024 00:00,152.39,12.59,1.16,44.44,60.69,26.17
,99.08153639,28.4003558,0.850603774,39.47968733,78.78530458,26.16802695
