From Date,PM10,NO2,Ozone,CO,Temp,RH
1/2/2019 0:00,195.19,51.11,28.23,0.72,19.75,62.64
2/2/2019 0:00,154.42,44.24,34.47,0.84,19.36,66.02
3/2/2019 0:00,246.22,47.8,38.2,1.19,19.17,70.33
4/2/2019 0:00,243.22,49.08,33.68,0.93,18.85,72.97
5/2/2019 0:00,275.09,43.09,36.72,0.86,19.31,74.27
6/2/2019 0:00,285.68,52.98,39.26,1.4,19.54,73.83
7/2/2019 0:00,305.83,58.97,34.47,0.87,20.01,71.52
8/2/2019 0:00,150.28,40.17,24.87,0.65,19.07,84.24
9/2/2019 0:00,85.77,34.12,12.21,0.96,17.11,96.96
10/2/2019 0:00,67.83,26.22,29.95,1.02,17.06,85.41
11/2/2019 0:00,129.73,35.58,34.94,1,18.94,71.79
12/2/2019 0:00,185.36,41.35,36.57,1.09,20.02,68.59
13-02-2019 00:00,168.18,42.89,37.6,1.05,20.78,68.94
14-02-2019 00:00,151.53,39.78,36.52,0.89,20.72,69.49
15-02-2019 00:00,196.09,38.51,32.69,0.93,20.62,75.31
16-02-2019 00:00,153.68,28.12,28.51,0.85,19.57,80.35
17-02-2019 00:00,72.55,20.08,39.72,0.91,19.06,78.38
18-02-2019 00:00,165.78,34.04,20.5,1.01,17.98,87.13
19-02-2019 00:00,137.32,37.73,29.79,0.9,18.83,80.12
20-02-2019 00:00,142.19,36.09,37.58,0.91,20.34,74.57
21-02-2019 00:00,122.44,35.49,46.02,1.08,21.39,69.1
22-02-2019 00:00,158.45,44.86,33.66,0.99,21.62,70.48
23-02-2019 00:00,166.91,42.5,34.31,0.88,21.82,75.04
24-02-2019 00:00,149.06,30.55,25.86,0.76,19.15,84.02
25-02-2019 00:00,173.01,47.94,45.17,1.22,21.43,71.39
26-02-2019 00:00,150.01,36.48,48.6,0.84,21,74.15
27-02-2019 00:00,96,34.17,37.61,0.83,19.39,79.55
28-02-2019 00:00,67.7,36.89,26.81,0.94,16.5,84.39
1/3/2019 0:00,76.35,28.87,38.83,1.01,15.82,73.86
2/3/2019 0:00,138.43,37.05,40.1,1.09,17.89,68.78
3/3/2019 0:00,110.81,33.45,40.23,0.81,19.12,64.08
4/3/2019 0:00,143.7,28.28,43.62,1.02,19.21,68.54
5/3/2019 0:00,137.66,37.87,32.62,1.08,18.72,76.1
6/3/2019 0:00,101.64,22.18,51.05,0.82,19.82,63.92
7/3/2019 0:00,134.02,32.9,47.6,1.02,18.7,59.54
8/3/2019 0:00,151.32,41.21,48.14,1.13,18.8,58.58
9/3/2019 0:00,176.09,46.71,47.9,1.22,19.37,58.85
10/3/2019 0:00,159.61,40.5,53.6,1.06,21.85,53.62
11/3/2019 0:00,172.03,43.47,48.91,1,22.25,57.96
12/3/2019 0:00,176.77,40.59,52.36,0.86,22.94,56.1
13-03-2019 00:00,179.26,33.58,50.56,0.92,23.35,59.88
14-03-2019 00:00,200.64,26.84,46.42,1.15,24.55,66.32
15-03-2019 00:00,205.65,29.56,51.74,0.94,25.19,64.88
16-03-2019 00:00,162.29,25.14,58.47,1,24.29,62.33
17-03-2019 00:00,183.96,41.69,51.34,1.07,22.69,59.57
18-03-2019 00:00,209.55,38.59,64.5,1.04,23.41,57.08
19-03-2019 00:00,120.05,38.78,54.24,1.25,22.99,61.3
20-03-2019 00:00,134.93,31.04,67.04,0.96,23.37,63.88
21-03-2019 00:00,171.73,38.2,65.04,1.11,23.64,63.37
22-03-2019 00:00,171.76,25.03,69.18,0.95,24.61,63.59
23-03-2019 00:00,137.22,29.59,56.97,1.11,23.79,70.22
24-03-2019 00:00,225.47,43.02,50.59,1.1,24.1,67.42
25-03-2019 00:00,260.85,45.72,54.73,1.09,25.13,61.14
26-03-2019 00:00,211.18,50.12,29.06,1.17,21.73,77.3
27-03-2019 00:00,131.76,41.18,37.76,1.05,22.66,72.08
28-03-2019 00:00,130.67,49.92,39.72,1.28,24.19,66.33
29-03-2019 00:00,147.19,38.65,51.7,0.89,25.11,67.57
30-03-2019 00:00,145.1,40.07,66.11,1.13,27.01,61.49
31-03-2019 00:00,80.9,24.5,50.09,0.83,22.74,77.08
1/4/2019 0:00,41.33,28.01,54.27,0.98,22.66,75.53
2/4/2019 0:00,80.1,33.67,43.52,1.03,23.89,68.61
3/4/2019 0:00,72.95,18.08,63.25,0.94,23.81,64.9
4/4/2019 0:00,64.35,20.25,48.85,1.02,23.71,68.44
5/4/2019 0:00,65.78,34.12,36.67,0.84,23.49,75.57
6/4/2019 0:00,54.39,37.96,35.67,0.87,21.48,84.85
7/4/2019 0:00,30.54,27.21,50.41,0.85,23.06,74.96
8/4/2019 0:00,54.72,42.63,44.6,0.98,24.05,70.7
9/4/2019 0:00,46.42,28.48,52.71,0.97,22.71,78.87
10/4/2019 0:00,52.54,42.71,47.9,1.15,24.33,70.34
11/4/2019 0:00,81.11,43.19,46.8,1.11,25.71,68.87
12/4/2019 0:00,98.53,39.21,43.17,1.18,26.91,68.09
13-04-2019 00:00,112.84,33.44,37.5,1,26.96,69.96
14-04-2019 00:00,45.73,27.46,46.35,0.94,25.58,70.82
15-04-2019 00:00,50.68,30.17,43.42,1.03,26.65,68.82
16-04-2019 00:00,57.43,24.63,42.13,1.12,25.97,75.33
17-04-2019 00:00,59.43,17.72,57.65,1.09,25.19,73.92
18-04-2019 00:00,111.59,24.18,38.84,1.14,24.96,77.91
19-04-2019 00:00,89.12,28.9,63.84,0.88,27.09,57.7
20-04-2019 00:00,92.49,49.27,57.28,1.21,26.19,57.41
21-04-2019 00:00,78.83,22.76,73.83,0.77,25.42,63.53
22-04-2019 00:00,73.92,41.81,49.81,1.01,24.13,71.93
23-04-2019 00:00,75.93,46.61,53.87,1.19,26.65,61.58
24-04-2019 00:00,83.99,35.92,58.64,1.05,27.66,59.52
25-04-2019 00:00,123.95,40.29,45.83,1.14,28.14,65.8
26-04-2019 00:00,69.68,31.57,53.04,0.96,27.21,70.38
27-04-2019 00:00,79.12,39.85,42.47,0.95,27.78,66.61
28-04-2019 00:00,59.08,24.87,36.68,1.02,25.54,82.65
29-04-2019 00:00,60.64,28.21,34.84,1.19,25.5,81.33
30-04-2019 00:00,46.14,25.07,32.07,1.16,25.06,81.93
1/5/2019 0:00,47.24,25.08,30.8,0.98,25.3,83.24
2/5/2019 0:00,44.55,27.84,38.26,1.01,25.44,81.93
3/5/2019 0:00,38.5,27.16,30.83,1.04,23.93,89.97
4/5/2019 0:00,28.38,18.07,26.58,1.11,24.08,87.78
5/5/2019 0:00,64.8,27.92,26.82,0.88,24.56,86.6
6/5/2019 0:00,95.49,46.18,44.92,1.09,27.06,73.83
7/5/2019 0:00,116.48,27.32,48.17,0.95,26.89,74.11
8/5/2019 0:00,79.87,27.8,48.49,1.03,25.65,74.45
9/5/2019 0:00,92.14,25.88,36.78,1.09,25.38,79.05
10/5/2019 0:00,99.19,26.94,31.28,1.19,25.56,83.26
11/5/2019 0:00,100.78,29.2,30.57,1.05,24.88,84.91
12/5/2019 0:00,94.5,26.78,39.88,0.95,25.46,79.68
13-05-2019 00:00,82.4,36.43,46.37,1.14,26.6,75.47
14-05-2019 00:00,73.92,32.56,36.34,0.94,24.72,82.96
15-05-2019 00:00,55.01,33.44,37.4,0.94,25.34,78.95
16-05-2019 00:00,53.1,37.52,27.36,0.98,24.24,84.39
17-05-2019 00:00,59.75,31.71,29.25,1.11,25.6,84.83
18-05-2019 00:00,70.67,15.49,34.46,1.04,25.99,83.96
19-05-2019 00:00,74.21,11.78,32.72,1.03,26.31,79.31
20-05-2019 00:00,84.57,19.31,43.27,0.92,27.49,73.43
21-05-2019 00:00,61.23,31.11,38.03,0.97,24.65,86.23
22-05-2019 00:00,58.99,19.53,38.06,0.95,26.44,79.47
23-05-2019 00:00,30.41,6.79,46.66,0.98,24.43,84.79
24-05-2019 00:00,30.03,15.81,41.89,0.99,24.44,83.22
25-05-2019 00:00,32.89,22.74,40.92,0.91,24.26,83.43
26-05-2019 00:00,45.13,22.26,32.05,0.95,25.29,86.77
27-05-2019 00:00,76.92,25.17,44.9,0.81,26.72,77.15
28-05-2019 00:00,46.91,19.61,46.17,1.1,26.6,77.74
29-05-2019 00:00,49.67,24.16,46.54,1.14,26.99,73.67
30-05-2019 00:00,56.78,29.35,52.61,1.08,25.72,77.13
31-05-2019 00:00,52.31,27.48,56.46,1.07,25.53,76.53
1/6/2019 0:00,62.52,33.66,48.87,1.17,26.94,73.73
2/6/2019 0:00,67.31,26.82,40.93,1,25.3,81.92
3/6/2019 0:00,57.18,28.11,32.28,0.95,26.2,77.99
4/6/2019 0:00,50.72,20.47,42.32,1,26.81,75.77
5/6/2019 0:00,37.81,15.02,42.84,1.07,27.85,71.7
6/6/2019 0:00,45.05,15.77,28.41,1.16,27.56,78.36
7/6/2019 0:00,50.99,18.11,23.47,1.17,26.67,84.85
8/6/2019 0:00,34.81,18.89,23.7,1.27,27.07,82.35
9/6/2019 0:00,38.7,18.19,22.75,1.01,26.92,82.86
10/6/2019 0:00,45.44,30.16,25.22,1,26.92,80.53
11/6/2019 0:00,36.07,25.65,36.07,0.93,25.87,84.56
12/6/2019 0:00,71,34.51,26.91,1.09,28.76,72.53
13-06-2019 00:00,70.06,29.59,28.91,1.01,30.08,68.93
14-06-2019 00:00,81.62,29.74,27.05,0.91,28.45,79.31
15-06-2019 00:00,27.29,19.94,28.61,1.12,26.11,88.63
16-06-2019 00:00,49.84,18.57,28.04,0.98,26.52,87.74
17-06-2019 00:00,60.84,26.65,29.56,1.07,26.13,85.65
18-06-2019 00:00,61.84,33.85,24.87,1.12,26.77,83.95
19-06-2019 00:00,74.16,28.22,22.96,1.02,28.79,77.25
20-06-2019 00:00,81.98,28.94,19.46,0.97,27.64,80.24
21-06-2019 00:00,67.42,20.26,19.07,0.83,27.65,80.87
22-06-2019 00:00,45.39,23.47,18.38,0.93,28.3,78.52
23-06-2019 00:00,42.62,16.99,21.62,0.83,28.58,79.7
24-06-2019 00:00,59.25,18.71,21.92,0.86,29.02,79.24
25-06-2019 00:00,46.83,19.69,22.68,1.01,26.8,88.23
26-06-2019 00:00,30.66,21.83,17.65,1.01,24.75,95.04
27-06-2019 00:00,41.26,19.48,16.86,1.05,25.71,90.07
28-06-2019 00:00,55.38,23.13,21.11,1.11,26.32,87.4
29-06-2019 00:00,49.79,16.78,22.28,0.76,26.99,84.16
30-06-2019 00:00,50.83,21.02,16.67,0.93,28.46,76.84
1/7/2019 0:00,67.15,21.24,14.82,0.81,29.21,75.05
2/7/2019 0:00,31.71,15.57,15.22,0.98,28.38,75.15
3/7/2019 0:00,36.1,19.85,13.67,1.07,27.55,81.94
4/7/2019 0:00,44.14,19.49,13.18,1.03,28.03,81.8
5/7/2019 0:00,34.49,16.73,13.92,0.93,27.82,82.06
6/7/2019 0:00,39.57,15.24,14.02,1.08,27.85,79.87
7/7/2019 0:00,24.23,10.49,14.37,1.02,25.96,88.09
8/7/2019 0:00,22.01,14.24,14.94,1.08,25.86,90.89
9/7/2019 0:00,22.31,13.25,16.96,1.03,25.81,90.68
10/7/2019 0:00,19.31,21.31,15.53,0.9,25.18,93.85
11/7/2019 0:00,20.88,28.39,14.52,0.39,24.73,95.64
12/7/2019 0:00,26.92,20.05,18.23,0.53,24.37,94.62
13-07-2019 00:00,25.46,16.86,20.63,0.13,24.59,93.23
14-07-2019 00:00,20.52,14.71,16.96,0.22,24.49,93.53
15-07-2019 00:00,23.46,17.16,16.49,0.39,24.24,96.11
16-07-2019 00:00,26.93,20.26,20.69,0.46,25.74,88.02
17-07-2019 00:00,54.34,21.19,17.17,0.84,27.03,85.33
18-07-2019 00:00,56.39,19.13,19.43,0.71,27.67,84.33
19-07-2019 00:00,42.62,16.8,22.47,0.75,26.82,86.3
20-07-2019 00:00,33.41,15.16,21.7,0.86,27.02,86.51
21-07-2019 00:00,34.83,14.8,17.88,0.67,27.05,87.45
22-07-2019 00:00,28.07,16.57,18.82,0.52,25.77,93.36
23-07-2019 00:00,35.71,14.53,20.08,0.64,25.65,93.65
24-07-2019 00:00,22.16,18.91,22.77,0.69,24.73,95.9
25-07-2019 00:00,24.08,16.33,17.76,0.71,26.41,89.3
26-07-2019 00:00,29.66,12.52,18.9,0.52,27.71,82.36
27-07-2019 00:00,21.6,13.37,14,0.51,26.06,88.37
28-07-2019 00:00,22.29,12.48,13.5,0.43,27.54,79.45
29-07-2019 00:00,26.36,14.4,12.1,0.6,27.51,79.27
30-07-2019 00:00,30.64,14.19,13.57,0.72,27.71,79.11
31-07-2019 00:00,31.23,14.81,14.04,0.7,26.46,86.84
1/8/2019 0:00,31.52,13.12,16.9,0.78,27.02,84.1
2/8/2019 0:00,29.17,13.85,16.27,0.59,27.64,80.25
3/8/2019 0:00,36.89,15.41,14.54,0.51,28.35,78.21
4/8/2019 0:00,43.14,15.86,15.12,0.21,28.65,77.92
5/8/2019 0:00,47.72,17.24,15.46,0.78,29.66,73.82
6/8/2019 0:00,45.22,16.46,12.8,0.63,30.58,70.14
7/8/2019 0:00,24.12,11.59,15.02,0.56,27.86,80.82
8/8/2019 0:00,16.5,12.13,14.15,0.64,27.43,77.11
9/8/2019 0:00,25.62,14.69,12.16,0.64,27.52,80.51
10/8/2019 0:00,40.4,14.93,14.43,0.34,28.24,81.51
11/8/2019 0:00,48.64,20.01,14.95,0.25,29.37,79.07
12/8/2019 0:00,38.9,15.3,20.24,0.1,29.27,75.96
13-08-2019 00:00,22.86,16.17,18.16,0.43,26.67,85.11
14-08-2019 00:00,20.31,12.89,16.49,0.51,26.8,84.25
15-08-2019 00:00,30.93,12.53,14.31,0.27,27.01,83.92
16-08-2019 00:00,27.47,16.36,17,0.65,26.14,88.96
17-08-2019 00:00,40.97,14.6,20.52,0.56,27.76,82.45
18-08-2019 00:00,37.78,14.81,19.69,0.35,27.22,84.01
19-08-2019 00:00,36.36,20.57,13.6,0.7,26.89,84.59
20-08-2019 00:00,48.11,17.36,13.99,0.33,28.18,79.87
21-08-2019 00:00,45.14,16.07,16.65,0.74,28.13,81.86
22-08-2019 00:00,52.32,16.14,18.6,0.65,28.82,78.67
23-08-2019 00:00,49.18,23.83,15.9,0.62,26.24,90.45
24-08-2019 00:00,25.88,22,16.95,0.65,26.71,85.61
25-08-2019 00:00,30.28,16.86,13.84,0.48,27.49,82.05
26-08-2019 00:00,43.51,22.22,12.05,0.55,28.51,79.94
27-08-2019 00:00,54.66,17.34,17.57,0.51,28.82,79.84
28-08-2019 00:00,53.95,19.8,17.19,0.45,28.17,82.78
29-08-2019 00:00,40.1,18.36,19.16,0.46,28.01,81.42
30-08-2019 00:00,50.61,17.05,18.88,0.43,28.33,82.71
31-08-2019 00:00,39.29,23.47,14.37,0.6,26.12,88.94
1/9/2019 0:00,59.44,22.47,16.71,0.65,28.85,78.45
2/9/2019 0:00,53.61,19.61,17.42,0.39,28.83,79.53
3/9/2019 0:00,28.3,23.82,13.43,0.63,27.26,83.57
4/9/2019 0:00,34.92,21.47,13.2,0.44,27.05,84.39
5/9/2019 0:00,34.95,17.3,14.32,0.46,27.69,81.65
6/9/2019 0:00,29.79,21.04,13.03,0.56,27.3,82.91
7/9/2019 0:00,34.22,17.69,13.25,0.47,27.96,79.6
8/9/2019 0:00,23.89,29.54,12.27,0.46,26.36,89.43
9/9/2019 0:00,27.92,26.18,13.66,0.41,25.97,89.06
10/9/2019 0:00,35.18,17.75,14.41,0.42,27.15,85.18
11/9/2019 0:00,38.22,18.17,17.27,0.35,26.86,86.22
12/9/2019 0:00,35.97,18.51,12.93,0.36,26.53,85.85
13-09-2019 00:00,23.24,18.05,14.58,0.45,25.03,93.07
14-09-2019 00:00,31.42,20.16,13.92,0.51,25.73,89.96
15-09-2019 00:00,47.02,18.14,15.01,0.35,26.42,88.74
16-09-2019 00:00,38.57,22.9,15.86,0.32,25.21,92.56
17-09-2019 00:00,30.11,22.6,15.12,0.31,24.82,93.22
18-09-2019 00:00,41.18,17.4,14.06,0.4,26.47,84.78
19-09-2019 00:00,40.8,15.57,15.68,0.53,27.44,80.78
20-09-2019 00:00,47.75,20.31,17.88,0.66,27.2,80.89
21-09-2019 00:00,41.47,25.51,17.66,0.58,25.84,85.71
22-09-2019 00:00,40.72,20.37,17.18,0.42,25.25,86.75
23-09-2019 00:00,41.67,25.97,18.74,0.51,25.05,88.23
24-09-2019 00:00,22,17.73,23.82,0.43,24.67,89.7
25-09-2019 00:00,20.43,25.81,14.49,0.48,23.4,95.88
26-09-2019 00:00,28.91,16.19,15.77,0.33,24.86,89.58
27-09-2019 00:00,32.98,18.76,15.37,0.57,24.59,90.14
28-09-2019 00:00,29.47,27.95,12.07,0.68,23.19,95.45
29-09-2019 00:00,16.26,19.96,21.66,0.51,22.24,93.74
30-09-2019 00:00,19.52,19.67,18.89,0.54,22.43,92.95
1/10/2019 0:00,34.69,21.92,18.49,0.52,24.25,85.78
2/10/2019 0:00,39.83,24.35,19,0.38,25.48,82.64
3/10/2019 0:00,51.54,29.94,17.05,0.43,25.73,83.54
4/10/2019 0:00,53.94,24.75,20.96,0.52,26,83.5
5/10/2019 0:00,46.76,18.64,28.8,0.59,25.4,87.11
6/10/2019 0:00,69.35,24.65,18.76,0.82,25.84,85.28
7/10/2019 0:00,59.81,21.9,21.93,0.72,25.07,87.99
8/10/2019 0:00,39.85,25.91,26.96,0.71,23.8,88.26
9/10/2019 0:00,54.12,17.95,25.85,0.61,24.83,82.67
10/10/2019 0:00,34.96,9.64,24.53,0.4,25.05,85
11/10/2019 0:00,29.44,9.06,29.05,0.31,24.63,86.22
12/10/2019 0:00,59.7,12.38,24.71,0.46,25.04,84.98
13-10-2019 00:00,76.47,12.45,28.95,0.48,24.73,83.62
14-10-2019 00:00,69.32,17.61,23.52,0.55,24.77,79.6
15-10-2019 00:00,61.23,20.49,26.21,0.63,25.63,71.59
16-10-2019 00:00,61.94,21.45,25.27,0.67,25.45,71.05
17-10-2019 00:00,76.2,19.61,25.94,0.72,25.5,77.25
18-10-2019 00:00,87.32,17.2,26.82,0.57,25.65,78.67
19-10-2019 00:00,91.27,6.64,27.73,0.58,25.04,80.01
20-10-2019 00:00,103.53,6.19,24.69,0.5,24.86,83.79
21-10-2019 00:00,107.17,4.37,20.38,0.61,24.48,88.09
22-10-2019 00:00,130.33,7.58,22.41,0.77,24.45,83.02
23-10-2019 00:00,150.59,14.08,25.55,0.88,23.84,85.14
24-10-2019 00:00,106.79,17.2,30.68,0.66,23.01,85.44
25-10-2019 00:00,53.75,12.88,38.29,0.45,21.77,79.51
26-10-2019 00:00,57.63,11.95,31.03,0.41,22.91,80.11
27-10-2019 00:00,120.23,16.25,25.8,0.47,22.85,82.96
28-10-2019 00:00,151.96,16.12,26.35,0.76,24.01,77.95
29-10-2019 00:00,104.18,17.85,23.97,0.61,23.93,75.09
30-10-2019 00:00,98.34,17.2,24.66,0.72,24.21,74.89
31-10-2019 00:00,101.61,17.81,26.16,0.82,24.26,75.83
1/11/2019 0:00,92.8,17.22,24.15,0.74,24.47,75.87
2/11/2019 0:00,116.89,21.66,24.13,0.71,24.79,72.98
3/11/2019 0:00,107.18,12,27.96,0.6,24.25,74.18
4/11/2019 0:00,69.33,11.25,28.98,0.45,24.56,69.24
5/11/2019 0:00,92.22,11.67,31.26,0.68,23.99,74.37
6/11/2019 0:00,127.98,11.43,31.87,0.73,23.43,76.19
7/11/2019 0:00,131.74,18.55,26.87,0.81,23.72,75.67
8/11/2019 0:00,91.84,21.78,23.32,0.7,24.18,72.52
9/11/2019 0:00,95.88,26.24,21.71,0.5,23.85,73.17
10/11/2019 0:00,90.8,23.3,26.46,0.42,23.4,75.45
11/11/2019 0:00,90.51,14.39,24.07,0.58,23.56,78.56
12/11/2019 0:00,132.57,15.37,32.83,0.87,23.81,80.25
13-11-2019 00:00,159.05,23.41,28.03,0.79,23.68,81.08
14-11-2019 00:00,137.9,18.82,22.24,0.68,24.43,74.99
15-11-2019 00:00,139.28,26.15,28.37,0.75,24.41,74.72
16-11-2019 00:00,109.36,17.52,30.4,0.59,23.81,79.43
17-11-2019 00:00,165.76,12.39,31.52,0.67,22.81,80.87
18-11-2019 00:00,195.98,16.75,30.82,0.71,22.92,81.27
19-11-2019 00:00,223.1,10.98,28.44,1.06,22.01,86.94
20-11-2019 00:00,229.33,20.52,27.42,0.92,21.9,85.63
21-11-2019 00:00,139.9,18.98,26.01,0.61,22.41,76.31
22-11-2019 00:00,155.3,25.82,27.43,0.81,21.84,79.26
23-11-2019 00:00,169.17,27.61,27.03,0.77,21.83,79.42
24-11-2019 00:00,208.5,29.28,29.65,0.93,21.79,81.41
25-11-2019 00:00,194.75,48.4,26.55,0.82,21.99,82.31
26-11-2019 00:00,170.02,52.62,27.23,0.8,22.06,78.77
27-11-2019 00:00,125.11,42.06,23.63,0.66,22.35,74.04
28-11-2019 00:00,116.82,37.74,25.28,0.68,22.31,73.33
29-11-2019 00:00,136.17,38.61,24.89,0.83,22.28,76.31
30-11-2019 00:00,158.62,36.53,32.53,0.64,21.51,81.16
1/12/2019 0:00,243.8,41.61,18.13,0.99,19.76,88.28
2/12/2019 0:00,153.59,113.31,32.81,0.71,20.74,79.42
3/12/2019 0:00,137.88,80.05,24.78,0.63,20.43,80.1
4/12/2019 0:00,142.34,53.92,27.71,0.66,20.71,72.88
5/12/2019 0:00,129.43,48.7,29.69,0.75,20.49,71.51
6/12/2019 0:00,174.24,55.17,22.92,0.66,19.61,66.36
7/12/2019 0:00,143.29,43.22,26.78,0.65,19.47,64.59
8/12/2019 0:00,143.11,43.16,31.93,0.65,19.38,64.52
9/12/2019 0:00,207.94,51.16,29.57,0.82,19.35,69.55
10/12/2019 0:00,162.05,52.65,29.78,0.76,18.92,74.63
11/12/2019 0:00,199,57.55,30.46,1.04,18.93,77.18
12/12/2019 0:00,185.56,54.48,23.41,0.68,19.22,78.23
13-12-2019 00:00,125.69,36.86,23.67,0.53,20.37,69.64
14-12-2019 00:00,125.47,38.87,28.99,0.79,19.73,70.13
15-12-2019 00:00,123.71,34.44,23.76,0.58,18.61,76.94
16-12-2019 00:00,144.32,31.81,24.29,0.74,18.46,81.36
17-12-2019 00:00,201.71,39.73,20.81,1.09,16.5,92.14
18-12-2019 00:00,154.89,22.17,20.68,0.56,16.38,92.15
19-12-2019 00:00,151.87,21.73,28.19,0.7,16.35,88.66
20-12-2019 00:00,120.36,20.67,19.16,0.68,14.1,94.94
21-12-2019 00:00,188.07,31.11,25.43,0.85,15.66,90.13
22-12-2019 00:00,211.55,30.89,25,0.87,15.42,93.1
23-12-2019 00:00,184.22,33.65,31.66,0.69,17.46,83.9
24-12-2019 00:00,203.02,45.16,25.33,0.92,16.82,85
25-12-2019 00:00,244.15,47.57,28.51,1.3,16.78,82.22
26-12-2019 00:00,173.93,38.77,28.29,0.73,16.31,85.61
27-12-2019 00:00,136.11,36.16,20.54,0.75,15.22,86.99
28-12-2019 00:00,160.88,36.87,25.06,0.92,15,86.55
29-12-2019 00:00,150.29,40.41,30.26,0.63,16.34,78.98
30-12-2019 00:00,221.07,59.54,21.84,1.06,16.93,75.29
31-12-2019 00:00,153.91,67.2,24.39,0.81,18.29,59.02
1/1/2020 0:00,150.11,53.35,22.42,0.79,19.08,54.43
2/1/2020 0:00,144.93,54.34,22.57,0.96,19.27,64.91
3/1/2020 0:00,97.66,39.45,23.66,0.56,18.49,71.96
4/1/2020 0:00,59.83,35.1,26.11,0.79,17.5,82.42
5/1/2020 0:00,154.55,43.32,16.85,1.01,15.63,92.34
6/1/2020 0:00,226.58,49.6,17.06,0.87,15.04,90.18
7/1/2020 0:00,151.75,50.02,24.51,0.91,16.42,80.86
8/1/2020 0:00,171.78,50.56,22.92,1.04,17.69,76.95
9/1/2020 0:00,119.93,42.16,24.74,0.79,18.71,74.86
10/1/2020 0:00,158.5,33.63,21.09,0.78,16.62,88.19
11/1/2020 0:00,119.81,25.3,22.16,0.71,16.49,89.11
12/1/2020 0:00,112.42,25.43,23.24,0.61,16.1,87.95
13-01-2020 00:00,129.85,35.52,26.06,0.86,16.57,85.8
14-01-2020 00:00,159.53,42.33,29.3,0.96,17.56,78.31
15-01-2020 00:00,180.21,44.56,27.49,1.08,18.04,78.7
16-01-2020 00:00,235.02,59.49,26.12,1.3,18.91,78.77
17-01-2020 00:00,193.17,65.51,16.04,1.14,18.3,84.21
18-01-2020 00:00,172.48,55.99,27.11,0.84,19.56,80.17
19-01-2020 00:00,157.03,34.32,19.72,0.73,17.34,92.35
20-01-2020 00:00,134.33,26.24,20.32,0.71,15.26,92.71
21-01-2020 00:00,194.95,40.43,22.36,1,15.19,90.48
22-01-2020 00:00,159.78,40.7,28.27,0.31,15.62,87.19
23-01-2020 00:00,209.54,49.02,26.66,0.45,15.58,86.37
24-01-2020 00:00,259.91,55.42,25.06,2.04,16.12,84.03
25-01-2020 00:00,220.14,59.16,15.53,0.98,15.07,86.14
26-01-2020 00:00,169.21,37.6,30.79,0.66,16.92,79.81
27-01-2020 00:00,174.39,38.12,22.08,0.99,16.74,80.81
28-01-2020 00:00,262.63,60.04,21.66,1.3,17.2,79.59
29-01-2020 00:00,238.29,55.31,24.82,1.24,18.57,74.76
30-01-2020 00:00,228.99,43.06,22.85,0.74,18.39,84.22
31-01-2020 00:00,172.45,36.97,16.98,0.86,17.42,90.82
1/2/2020 0:00,181.53,32.81,21.63,0.76,17.25,86.55
2/2/2020 0:00,174.99,37.61,24.55,0.77,16.52,80.1
3/2/2020 0:00,246.77,54.24,22.39,1.14,17.1,78.31
4/2/2020 0:00,195.36,46.48,24.14,0.85,17.5,78.68
5/2/2020 0:00,202.03,44.67,26.08,0.75,17.77,74.86
6/2/2020 0:00,245.43,62.33,23.26,1.15,17.31,77.4
7/2/2020 0:00,289.52,75.88,17,0.95,16.81,79.12
8/2/2020 0:00,229.46,60.05,26.18,0.82,18.31,67.88
9/2/2020 0:00,152.68,39.82,27.55,0.49,18.42,66.49
10/2/2020 0:00,178.35,50.73,23.77,0.86,18.02,72.42
11/2/2020 0:00,196.93,48.21,25.9,0.82,18.57,70.71
12/2/2020 0:00,179,40.16,27.42,0.77,18.68,70.64
13-02-2020 00:00,219.02,50.11,26.63,1.04,18.99,70.9
14-02-2020 00:00,228.31,57.27,26.85,0.88,19.46,71.1
15-02-2020 00:00,320.34,63.39,30.49,1.42,20.62,71.95
16-02-2020 00:00,302.87,61.75,23.21,0.88,20.53,77.08
17-02-2020 00:00,278.68,48.47,20.73,0.93,20.49,82
18-02-2020 00:00,228.71,46.92,21.1,1.11,20.17,84.72
19-02-2020 00:00,266.63,55.44,19.08,1.34,20.59,85.52
20-02-2020 00:00,220.91,70.79,18.38,0.99,20.55,84.64
21-02-2020 00:00,213.99,82.96,20.59,0.86,21.6,70.88
22-02-2020 00:00,251.99,69.29,18.69,0.87,21.77,72.18
23-02-2020 00:00,165.95,46.98,24.62,0.42,22.52,63.6
24-02-2020 00:00,113.28,32.88,30.62,0.51,22.18,60.81
25-02-2020 00:00,68.93,38.1,26.82,0.53,19.41,71.24
26-02-2020 00:00,46.47,35.76,19.32,0.71,17.92,87.64
27-02-2020 00:00,82.11,37.1,24.26,0.57,20.05,75.41
28-02-2020 00:00,92.87,61.29,23.07,0.76,20.79,77.46
29-02-2020 00:00,115.11,61.67,25.59,0.77,21.65,71.58
1/3/2020 0:00,115.56,54.36,26.52,0.75,22.23,70.87
2/3/2020 0:00,121.55,52.47,25.61,0.63,22.09,71.42
3/3/2020 0:00,89.27,53.4,18.14,0.64,20.24,81.56
4/3/2020 0:00,70.73,42.64,27.54,0.63,21.25,76.16
5/3/2020 0:00,90.87,47.51,29.14,0.64,22.63,65.61
6/3/2020 0:00,87.93,50.59,22.96,0.74,20.36,75.1
7/3/2020 0:00,95.19,49.82,20.16,0.63,20.32,78.62
8/3/2020 0:00,76.75,41.13,17.02,0.53,19.97,83.04
9/3/2020 0:00,106.21,41.29,22.76,0.64,21.06,81.15
10/3/2020 0:00,102.64,37.78,29.36,0.6,21.94,76.12
11/3/2020 0:00,110.78,44.61,29.95,0.67,22.17,74.78
12/3/2020 0:00,143.37,64.73,18.87,0.84,22.3,77.79
13-03-2020 00:00,155.69,55.86,25.15,0.79,23.5,72.93
14-03-2020 00:00,144.79,50.99,12.75,0.69,21.19,89.31
15-03-2020 00:00,100.25,30.54,15.91,0.54,20.89,83.53
16-03-2020 00:00,129.29,47.92,28.74,0.64,22.58,65.39
17-03-2020 00:00,154.08,60.37,23.02,0.75,20.25,72.67
18-03-2020 00:00,189.72,72.5,21.16,0.79,21.11,73.61
19-03-2020 00:00,208.55,67.02,31.93,0.79,22.92,68.83
20-03-2020 00:00,146.4,63.49,24.84,0.63,21.89,73.39
21-03-2020 00:00,82.56,58.83,21,0.66,21.42,77.51
22-03-2020 00:00,66.67,33.92,26.19,0.51,20.87,85.67
23-03-2020 00:00,66.22,34.88,28.59,0.56,22.21,75.54
24-03-2020 00:00,63.76,40.53,28.23,0.65,23.27,68.83
25-03-2020 00:00,86.32,31.87,29.09,0.54,24.11,71.36
26-03-2020 00:00,69.44,30.12,27.86,0.62,24.58,75.76
27-03-2020 00:00,99.33,32.99,25.98,0.59,25.79,71.5
28-03-2020 00:00,112.2,26.92,26.87,0.49,25.72,70.46
29-03-2020 00:00,87.06,27.04,31.76,0.48,24.45,65.21
30-03-2020 00:00,110.21,33.23,32.26,0.56,24.38,63.13
31-03-2020 00:00,135.75,34.5,39.37,0.68,25.21,60.06
1/4/2020 0:00,134.62,37.08,37.82,0.71,25.18,61
2/4/2020 0:00,79.71,31.35,40.65,0.59,25.73,58.56
3/4/2020 0:00,106.73,29.77,40.56,0.57,25.22,58.23
4/4/2020 0:00,124.64,37.62,38.58,0.68,24.18,57.92
5/4/2020 0:00,140.38,35.86,41.57,0.79,25.34,52.96
6/4/2020 0:00,171.17,40.43,40.13,0.97,25.44,54.5
7/4/2020 0:00,153.93,34.64,40.01,0.72,26.36,55.17
8/4/2020 0:00,123.18,32.97,39.47,0.66,26.43,56.29
9/4/2020 0:00,95.38,29.5,37.17,0.51,24.83,62.76
10/4/2020 0:00,63.36,34.28,37.23,0.48,24.96,62.88
11/4/2020 0:00,69.9,30.54,37.68,0.52,25.68,62.4
12/4/2020 0:00,58.6,31.52,33.85,0.59,24.61,68.47
13-04-2020 00:00,84.53,41.42,23.54,0.6,25.13,70
14-04-2020 00:00,98.53,39.66,24.17,0.7,26.63,67.73
15-04-2020 00:00,79.03,35.87,18.09,0.57,22.96,83.03
16-04-2020 00:00,49.19,30.93,22.23,0.48,23.46,79.74
17-04-2020 00:00,34.02,24.42,28.18,0.49,23.67,75.25
18-04-2020 00:00,38.8,25.81,25.6,0.51,24.17,79.28
19-04-2020 00:00,30.71,22.5,23.93,0.49,23.96,83.39
20-04-2020 00:00,38.47,29.39,25.82,0.47,24.61,80.12
21-04-2020 00:00,32.35,29.8,19.72,0.52,20.9,91.7
22-04-2020 00:00,33.56,24.12,23.67,0.41,22.11,83.72
23-04-2020 00:00,39.67,13.76,21.16,0.55,22.71,82.76
24-04-2020 00:00,30.55,8.09,26.37,0.46,22.28,84.71
25-04-2020 00:00,27.51,9.18,29.17,0.46,22.48,80.69
26-04-2020 00:00,26.09,12.86,26.98,0.46,24.44,70.5
27-04-2020 00:00,42.64,26.7,23.21,0.58,25.63,71.59
28-04-2020 00:00,38,27.94,25.33,0.51,22.44,86.52
29-04-2020 00:00,41.84,25.61,27.19,0.41,23.98,78.69
30-04-2020 00:00,34.6,20.65,29.18,0.4,25.51,72.84
1/5/2020 0:00,25.37,19.01,,0.44,24.62,80.77
2/5/2020 0:00,38.82,23.14,14.07,0.58,23.46,89
3/5/2020 0:00,39.88,21.76,20.3,0.57,26.07,75.82
4/5/2020 0:00,35.05,22.82,22.81,0.48,25.93,74.89
5/5/2020 0:00,36.36,26.48,23.97,0.47,24.19,82.97
6/5/2020 0:00,32.91,20.23,37.32,0.42,24.16,81.92
7/5/2020 0:00,32.33,22.73,40.42,0.39,23.97,77.95
8/5/2020 0:00,46.11,27.93,38.8,0.48,24.74,75.65
9/5/2020 0:00,47.66,25.25,43.01,0.48,26.49,67.74
10/5/2020 0:00,57.25,28.3,44.78,0.42,27.72,64.56
11/5/2020 0:00,52.7,27.99,39.81,0.47,26.4,72.76
12/5/2020 0:00,56.16,25.54,40.81,0.47,26.73,69.58
13-05-2020 00:00,49.68,23.84,37.62,0.56,25.49,80.59
14-05-2020 00:00,28.57,22.08,35.25,0.58,24.02,89.48
15-05-2020 00:00,35.58,24.82,33.88,0.52,25.14,83.48
16-05-2020 00:00,35.86,23.17,32.02,0.52,25.11,87.16
17-05-2020 00:00,37.9,18.8,37.36,0.4,25.77,84.85
18-05-2020 00:00,47.41,23.47,30.14,0.59,27.29,78.05
19-05-2020 00:00,59.61,28.26,26.54,0.46,26.98,76.22
20-05-2020 00:00,55.31,28.69,22.16,0.41,25.3,82.37
21-05-2020 00:00,21.22,17.83,21,0.37,23.63,92.24
22-05-2020 00:00,16.02,20.88,16.44,0.46,23.73,93.14
23-05-2020 00:00,30.16,24.23,17.34,0.46,25.7,85.24
24-05-2020 00:00,34.41,18.34,15.04,0.35,25.15,91.99
25-05-2020 00:00,33.67,19.33,20.12,0.4,24.23,93.75
26-05-2020 00:00,41.47,25.5,20.98,0.43,24.02,89.6
27-05-2020 00:00,31.15,26,20.98,0.37,23.24,87.73
28-05-2020 00:00,33.37,30.93,20.98,0.4,25.12,77.72
29-05-2020 00:00,38.75,26.64,20.62,0.41,25.76,77.19
30-05-2020 00:00,33.57,26.58,19.98,0.45,25.41,80.9
31-05-2020 00:00,28.22,23.18,19.98,0.34,24.42,86.84
1/6/2020 0:00,39.15,39.21,19.24,0.45,25.17,85.41
2/6/2020 0:00,49.65,27.1,18.02,0.52,26.16,84.04
3/6/2020 0:00,77.65,29.15,18.02,0.53,27.2,80.97
4/6/2020 0:00,56.82,24.09,25.98,0.52,25.7,85.99
5/6/2020 0:00,45.23,31.57,24.32,0.57,24.49,93.44
6/6/2020 0:00,45.34,30.9,13.68,0.61,24.68,90.2
7/6/2020 0:00,48.88,23.48,21.28,0.38,27.51,79.87
8/6/2020 0:00,59.57,23.49,24.29,0.43,27.58,80.18
9/6/2020 0:00,45.73,23.76,22.97,0.6,27.96,79.76
10/6/2020 0:00,69.07,34.3,13.73,0.64,29.34,74.3
11/6/2020 0:00,38.15,23.85,19.9,0.5,27.73,80.21
12/6/2020 0:00,29.96,22.08,14.64,0.48,26.83,85.86
13-06-2020 00:00,18.94,25.08,18.12,0.54,25.57,93.3
14-06-2020 00:00,23.08,23.87,15.52,0.37,25.54,93.57
15-06-2020 00:00,36.45,23.02,16.28,0.42,26.88,86.13
16-06-2020 00:00,23.67,24.64,15.02,0.51,25.63,89.77
17-06-2020 00:00,37.39,23.78,15.09,0.44,27.43,83.77
18-06-2020 00:00,24.38,22.73,19.08,0.48,25.4,93.3
19-06-2020 00:00,31.03,24.96,19.69,0.59,25.84,90.77
20-06-2020 00:00,47.59,26.85,18.35,0.63,26.21,90.06
21-06-2020 00:00,41.07,22.06,16.57,0.53,26.59,88.17
22-06-2020 00:00,36.32,22.3,17.38,0.46,26.55,88.26
23-06-2020 00:00,27.33,24.24,17.78,0.57,26.64,88.67
24-06-2020 00:00,37.82,25.74,17.73,0.47,26.73,90.47
25-06-2020 00:00,35.87,19.07,15.86,0.5,25.23,96.03
26-06-2020 00:00,22.5,21.58,13.59,0.57,24.3,97.77
27-06-2020 00:00,20.62,25.98,15.68,0.53,24.68,95.96
28-06-2020 00:00,24.93,21.12,21.53,0.43,25.4,91.26
29-06-2020 00:00,40.77,24.71,19.65,0.5,26.35,87.7
30-06-2020 00:00,40.96,27.03,15.82,0.58,27.21,85.27
1/7/2020 0:00,52.34,27.64,19.28,0.52,26.93,88.8
2/7/2020 0:00,30.63,28.49,20.26,0.57,25.43,94.58
3/7/2020 0:00,33.53,22.23,13.88,0.62,25.36,94.74
4/7/2020 0:00,38.93,23.63,14.28,0.78,25.94,90.93
5/7/2020 0:00,29.12,16.96,13.03,0.31,27.54,83.76
6/7/2020 0:00,23.53,18.7,12.49,0.41,27.08,86.26
7/7/2020 0:00,21.33,16.56,12.45,0.32,26.06,90.3
8/7/2020 0:00,93.98,29.54,29.07,0.72,23.74,79.66
9/7/2020 0:00,93.98,29.54,29.07,0.72,23.74,79.66
10/7/2020 0:00,93.98,29.54,29.07,0.72,23.74,79.66
11/7/2020 0:00,93.98,29.54,29.07,0.72,23.74,79.66
12/7/2020 0:00,93.98,29.54,29.07,0.72,23.74,79.66
13-07-2020 00:00,93.98,29.54,29.07,0.72,23.74,79.66
14-07-2020 00:00,93.98,29.54,29.07,0.72,23.74,79.66
15-07-2020 00:00,93.98,29.54,29.07,0.72,23.74,79.66
16-07-2020 00:00,93.98,29.54,29.07,0.72,23.74,79.66
17-07-2020 00:00,93.98,29.54,29.07,0.72,23.74,79.66
18-07-2020 00:00,93.98,29.54,29.07,0.72,23.74,79.66
19-07-2020 00:00,93.98,29.54,29.07,0.72,23.74,79.66
20-07-2020 00:00,25.93,23.3,13.48,0.63,25.4,95.54
21-07-2020 00:00,23.91,16.44,19.66,0.33,25.91,91.74
22-07-2020 00:00,21.1,17.97,18.48,0.49,26.52,87.7
23-07-2020 00:00,19.03,16.06,17.09,0.34,25.92,91.51
24-07-2020 00:00,24.23,18.6,13.71,0.36,26.33,89.35
25-07-2020 00:00,27.85,16.16,21,0.19,27.55,84.59
26-07-2020 00:00,29.41,20.06,18.05,0.17,26.13,93.99
27-07-2020 00:00,34.25,17.46,25.88,0.51,26.87,91.71
28-07-2020 00:00,24.96,18.79,23.9,0.51,25.18,93.91
29-07-2020 00:00,31.95,12.73,26.43,0.48,27.02,88.43
30-07-2020 00:00,30.03,22.83,25.1,0.54,25.25,96.25
31-07-2020 00:00,44.93,24.67,24.52,0.62,25.98,93.27
1/8/2020 0:00,37.07,20.14,27.88,0.7,25.99,91.22
2/8/2020 0:00,51.37,16.37,25.39,0.44,29.09,81.22
3/8/2020 0:00,48.05,16.29,24.81,0.52,30.33,78.24
4/8/2020 0:00,60.27,15.71,23.81,0.52,31.19,72.2
5/8/2020 0:00,32.77,12.92,24.14,0.38,31.37,68.47
6/8/2020 0:00,25.32,16.83,23.84,0.42,28.83,76.93
7/8/2020 0:00,25.32,16.28,25.9,0.52,29.13,80.27
8/8/2020 0:00,23.68,14.52,28.25,0.43,28.56,83.15
9/8/2020 0:00,55.18,14.55,24.64,0.53,26.88,87.92
10/8/2020 0:00,27.84,18.1,23.9,0.42,26.81,87.38
11/8/2020 0:00,24.38,14.19,21.79,0.51,26.81,89.23
12/8/2020 0:00,36.01,16.21,18.27,0.66,26.8,91.29
13-08-2020 00:00,30.95,16.28,27.04,0.73,27.64,85.93
14-08-2020 00:00,34.49,16.54,26.35,0.62,28.16,82.04
15-08-2020 00:00,26.43,13.89,16.11,0.39,26.54,86.12
16-08-2020 00:00,18.38,12.57,20.35,0.33,27.65,79.53
17-08-2020 00:00,14.76,12.8,17.74,0.36,25.78,90.8
18-08-2020 00:00,93.98,29.54,29.07,0.32,26.11,79.66
19-08-2020 00:00,93.98,29.54,29.07,0.72,28.33,79.66
20-08-2020 00:00,93.98,29.54,29.07,0.72,27.14,79.66
21-08-2020 00:00,93.98,29.54,29.07,0.72,27.91,79.66
22-08-2020 00:00,93.98,29.54,29.07,0.72,24.11,79.66
23-08-2020 00:00,93.98,29.54,29.07,0.72,24.61,79.66
24-08-2020 00:00,68.49,25.5,13.71,1.49,26.75,94.6
25-08-2020 00:00,71.43,16.21,19.43,0.77,29.14,83.37
26-08-2020 00:00,55.49,18.6,18.3,0.79,28.97,77.81
27-08-2020 00:00,40.76,12.75,19.4,0.64,27.42,80.86
28-08-2020 00:00,45.44,16.65,21.68,0.61,27.37,83.15
29-08-2020 00:00,44.95,17.41,21.16,0.61,26.72,88.92
30-08-2020 00:00,41.33,14.97,24.98,0.51,27.06,88.86
31-08-2020 00:00,40.49,13.7,23.07,0.56,26.34,94.02
1/9/2020 0:00,37.78,15.63,24.93,0.75,26.55,91.12
2/9/2020 0:00,46.57,15.52,22.91,0.78,28.35,81.97
3/9/2020 0:00,54.33,18.25,18.59,0.78,27.06,89.02
4/9/2020 0:00,52.74,15.71,25.64,0.68,28.09,84.46
5/9/2020 0:00,39.78,15.82,29.23,0.7,26.21,91.86
6/9/2020 0:00,42.18,16.93,23.33,0.74,25.25,95.64
7/9/2020 0:00,21.43,13.81,26.13,0.64,23.64,97.15
8/9/2020 0:00,34.37,19.29,22.08,0.77,25.48,92.75
9/9/2020 0:00,32.81,19.15,26.89,0.84,26.02,91.01
10/9/2020 0:00,54.01,20.96,17.04,0.96,26.31,91.86
11/9/2020 0:00,40.32,15.08,22.33,0.58,25.96,93.57
12/9/2020 0:00,42.66,16.18,24.66,0.59,26.57,90.31
13-09-2020 00:00,35.57,16.23,21.09,0.64,26.13,92.85
14-09-2020 00:00,38.97,17.77,21.04,0.68,24.96,95.25
15-09-2020 00:00,33.06,18.94,17.22,0.64,24.53,97.21
16-09-2020 00:00,25.94,16.98,21.63,0.45,25.51,92.73
17-09-2020 00:00,37.15,16.18,18.64,0.58,25.26,96.05
18-09-2020 00:00,36.01,18.11,18.1,0.8,24.87,95.71
19-09-2020 00:00,55.1,17.56,18.33,0.72,28.66,77.8
20-09-2020 00:00,57.98,16.1,16.82,0.62,30.04,72.6
21-09-2020 00:00,47.36,17.56,16.68,0.41,26.83,85.36
22-09-2020 00:00,21.7,15.25,16.36,0.44,25.22,93.58
23-09-2020 00:00,15.69,16.95,18.28,0.44,22.93,96.87
24-09-2020 00:00,30.04,18.49,14.99,0.7,24.97,91.44
25-09-2020 00:00,36.67,18.91,13.33,0.64,24.1,97.21
26-09-2020 00:00,21.74,18.67,17.36,0.55,23.21,95.93
27-09-2020 00:00,39.33,21.49,21.16,0.69,25.2,87.03
28-09-2020 00:00,55.4,18.72,19.31,0.58,26.93,84.19
29-09-2020 00:00,62.9,17.16,21.96,0.7,27.77,84
30-09-2020 00:00,72.02,20.99,20.38,0.73,27.55,84.44
1/10/2020 0:00,62.98,17.67,20.71,0.61,27.44,84.11
2/10/2020 0:00,76.59,19.65,20.2,0.66,26.74,86.77
3/10/2020 0:00,56.65,19.93,18.36,0.52,26.21,90.22
4/10/2020 0:00,46.27,17.34,18.28,0.4,26.28,89.93
5/10/2020 0:00,51.15,19.1,16.53,0.66,26.23,90.52
6/10/2020 0:00,55.48,18.45,19.16,0.62,26.4,87.57
7/10/2020 0:00,41,19.82,21.87,0.58,26.44,87
8/10/2020 0:00,54.84,18.61,18.97,0.72,26.71,88.84
9/10/2020 0:00,79.12,19.39,20.31,0.73,27.36,84.55
10/10/2020 0:00,89.01,23.52,20.73,0.68,27.6,79.73
11/10/2020 0:00,87.8,25.34,24.79,0.54,27.57,76.64
12/10/2020 0:00,98.99,26.76,24.91,0.6,27.35,78.22
13-10-2020 00:00,86.66,25.59,27.3,0.59,27.64,77.16
14-10-2020 00:00,92.03,29.65,25.74,0.66,27.43,76
15-10-2020 00:00,100.69,34.22,20.79,0.85,26.14,80.32
16-10-2020 00:00,122.71,26.94,26.82,0.87,27.37,78.43
17-10-2020 00:00,125.96,19.81,26.55,0.7,27.35,77.64
18-10-2020 00:00,101.41,18.07,25.45,0.67,27.48,74.43
19-10-2020 00:00,103.34,20.56,22.25,0.67,27.27,77
20-10-2020 00:00,122,23.45,23.69,0.73,26.64,80.19
21-10-2020 00:00,101.14,24.21,27.37,0.6,26.73,74.7
22-10-2020 00:00,104.19,27.75,32.77,0.92,27.35,69.11
23-10-2020 00:00,61.79,19.59,26.98,0.56,25.11,77.22
24-10-2020 00:00,37.08,17.73,21,0.57,23.92,87.66
25-10-2020 00:00,33.75,17.9,17.47,0.54,23.93,90.93
26-10-2020 00:00,46.09,19.38,21.03,0.68,23.77,87.57
27-10-2020 00:00,74.07,22.76,24.17,0.55,24.96,75.84
28-10-2020 00:00,76.26,23.64,25.8,0.53,25.17,71.33
29-10-2020 00:00,101.92,29.23,26.06,0.58,24.99,64.55
30-10-2020 00:00,79.26,27.25,28.61,0.5,25.42,59.88
31-10-2020 00:00,122.91,34.6,20.08,0.63,24.08,63.27
1/11/2020 0:00,90.66,24.71,24.73,0.59,25.81,70.01
2/11/2020 0:00,81.01,22.85,20.43,0.43,24.87,78.47
3/11/2020 0:00,129.63,22.82,28.7,0.69,24.72,80.94
4/11/2020 0:00,222.37,25.38,39.97,0.85,22.53,78.82
5/11/2020 0:00,263.46,39.13,32.34,0.99,21.85,78.17
6/11/2020 0:00,203.4,35.46,43.15,0.83,21.97,68.11
7/11/2020 0:00,162.22,39.33,27.18,0.88,21.67,67.07
8/11/2020 0:00,134.42,34.64,25.4,0.65,21.99,61.13
9/11/2020 0:00,150.42,35.02,22.42,0.54,22.27,58.85
10/11/2020 0:00,121.62,34.89,25.06,0.57,22.68,55.7
11/11/2020 0:00,112.85,34.64,24.09,0.64,22.23,56.35
12/11/2020 0:00,152.74,37.41,26.51,0.8,22.58,58.24
13-11-2020 00:00,148.94,36.22,27.88,0.78,22.11,62.88
14-11-2020 00:00,115.89,29.81,32.62,0.86,22.2,59.49
15-11-2020 00:00,126.43,29.2,28.34,0.82,21.87,62.41
16-11-2020 00:00,102.53,34.97,26.28,0.89,22.11,65.07
17-11-2020 00:00,129.21,34.08,26.76,0.86,20.59,75.96
18-11-2020 00:00,163.25,37.4,32.05,0.91,20.46,76.96
19-11-2020 00:00,150.64,39.22,31.52,1.06,20,76.29
20-11-2020 00:00,145.97,31.88,41.26,0.89,21.08,73
21-11-2020 00:00,122.27,23.24,41.29,0.88,20,79.52
22-11-2020 00:00,144.85,28.41,39.9,0.85,18.16,73.57
23-11-2020 00:00,191.04,43.27,36.22,1.01,18.75,70.27
24-11-2020 00:00,181.33,61.45,36.81,1.08,21.11,55.24
25-11-2020 00:00,155.88,49.24,23.21,0.82,19.1,63.54
26-11-2020 00:00,120.82,53.87,9.81,0.65,14.35,89.28
27-11-2020 00:00,189.31,61.28,19.06,1.3,20.98,75.22
28-11-2020 00:00,93.98,29.54,29.07,0.72,23.74,79.66
29-11-2020 00:00,93.98,29.54,29.07,0.72,23.74,79.66
30-11-2020 00:00,93.98,29.54,29.07,0.72,23.74,79.66
1/12/2020 0:00,93.98,29.54,29.07,0.72,23.74,79.66
2/12/2020 0:00,93.98,29.54,29.07,0.72,23.74,79.66
3/12/2020 0:00,93.98,29.54,29.07,0.72,23.74,79.66
4/12/2020 0:00,93.98,29.54,29.07,0.72,23.74,79.66
5/12/2020 0:00,93.98,29.54,29.07,0.72,23.74,79.66
6/12/2020 0:00,93.98,29.54,29.07,0.72,23.74,79.66
7/12/2020 0:00,142.91,50.1,29.25,1.14,20.81,72.31
8/12/2020 0:00,119.78,37.88,26,0.84,19.86,77.06
9/12/2020 0:00,136.43,40.46,24.05,0.9,19.33,79.11
10/12/2020 0:00,123.55,24.14,29.33,0.89,17.73,88.91
11/12/2020 0:00,166.94,35.88,25.96,1.08,17.53,90.39
12/12/2020 0:00,158.14,45.07,25.83,0.93,19.02,80.92
13-12-2020 00:00,198.15,33.36,26.31,1,17.6,89.79
14-12-2020 00:00,185.89,30.12,29.87,1.19,17.15,92.47
15-12-2020 00:00,152.97,33.31,28.16,1.09,17.17,84.06
16-12-2020 00:00,166.63,41.54,26.99,1.14,16.89,83.31
17-12-2020 00:00,221.29,44.33,19.34,1.19,14.88,89.88
18-12-2020 00:00,254.16,48.12,30.64,1.09,14.67,84.36
19-12-2020 00:00,235.89,49.52,31.63,1.2,14.66,80.17
20-12-2020 00:00,182.66,46.16,26.99,1.03,15.9,72.65
21-12-2020 00:00,172.59,47.35,25.96,0.87,16.85,67.02
22-12-2020 00:00,149.86,52.52,23.13,1.06,16.56,69.05
23-12-2020 00:00,172.05,48.42,27.83,1.01,16.96,71.18
24-12-2020 00:00,150.26,50.46,28.51,1.08,17.15,71.78
25-12-2020 00:00,143.2,40.97,31.66,0.83,16.5,73.67
26-12-2020 00:00,150.33,39.05,35.82,1.03,16.5,75.86
27-12-2020 00:00,204.48,43.03,28.71,1.19,16.04,78.86
28-12-2020 00:00,164.74,45.84,25.67,0.91,16.64,76.8
29-12-2020 00:00,211.7,54.62,28.41,1.38,16.59,77.61
30-12-2020 00:00,160.25,46.19,30.94,1.08,17.24,71.05
31-12-2020 00:00,195.7,48.18,25.7,1.2,16.34,72.51
1/1/2021 0:00,184.04,44.85,28.64,1.1,16.62,69.85
2/1/2021 0:00,131.65,46.51,27.03,0.99,17,66.6
3/1/2021 0:00,155.19,51.32,27.55,1.03,17.21,68.05
4/1/2021 0:00,167.97,55.2,24.7,0.97,18.17,64.1
5/1/2021 0:00,187.49,59.7,30.75,1.27,18.88,65.19
6/1/2021 0:00,217.42,61.43,22.15,1.22,17.95,74.59
7/1/2021 0:00,168.77,59.89,23.88,1.12,18.09,74.4
8/1/2021 0:00,219.86,59.94,24.56,1.17,18.5,78.03
9/1/2021 0:00,228.9,49.71,27.91,1.19,18.19,82.11
10/1/2021 0:00,296.09,59.72,21.72,1.56,17.67,88.39
11/1/2021 0:00,315.97,54.03,19.76,1.37,17.35,90.02
12/1/2021 0:00,193.11,32.87,10.21,1.15,14.32,97.42
13-01-2021 00:00,243.4,35.29,13.04,1.17,14.1,95.89
14-01-2021 00:00,263.37,39.84,30.18,1.27,14.74,88.4
15-01-2021 00:00,217.49,32.98,29.79,1,15.02,85.91
16-01-2021 00:00,158.97,22.51,15.33,1.24,12.37,97.37
17-01-2021 00:00,207.09,41.83,26.45,1.42,15.47,87.37
18-01-2021 00:00,239.78,52.55,27.06,1.45,17.85,73.45
19-01-2021 00:00,204.7,57.5,23.89,1.14,16.49,87
20-01-2021 00:00,182,40.9,32.05,0.94,16.61,90.62
21-01-2021 00:00,185.08,41.45,27.96,1.45,14.85,93.9
22-01-2021 00:00,163.61,44.54,29.44,0.97,16.66,82.92
23-01-2021 00:00,127.96,37.2,35.84,0.72,17.05,79.41
24-01-2021 00:00,131.37,36.95,32.91,0.72,16.02,87.05
25-01-2021 00:00,165.95,35.66,31.65,1.1,15.31,84.41
26-01-2021 00:00,124.74,20.27,34.82,0.98,13.87,89.51
27-01-2021 00:00,154.55,25.14,31.29,0.93,13.05,90.8
28-01-2021 00:00,190.5,32.68,25.58,1.24,13.51,86.44
29-01-2021 00:00,179.62,36.13,31.83,1.01,15.53,78.23
30-01-2021 00:00,175.51,24.06,29.52,1.13,11.55,90.74
31-01-2021 00:00,169.35,34.02,32.19,1.14,12.32,87.45
1/2/2021 0:00,221.82,42.68,34.17,1.1,14.5,76.49
2/2/2021 0:00,208.8,42.43,40.35,1.17,15.37,74.79
3/2/2021 0:00,180.1,49.7,36.97,1.16,17.07,67.71
4/2/2021 0:00,194.53,48.71,37.26,1.08,18.42,60.71
5/2/2021 0:00,140.49,48.27,38.16,0.86,18.79,58.14
6/2/2021 0:00,192.48,59.64,25.95,1.09,16.65,70.49
7/2/2021 0:00,196.67,47.63,34.54,1.01,16.23,73.4
8/2/2021 0:00,166.83,56.94,44.77,0.65,18.05,64.26
9/2/2021 0:00,163.26,39.72,44.58,0.96,17.82,65.2
10/2/2021 0:00,188.85,51.3,41.51,1.13,18.02,67.03
11/2/2021 0:00,232.39,69.7,38.08,1.44,18.83,69.8
12/2/2021 0:00,223.68,60.2,40.42,1.21,19.53,68.87
13-02-2021 00:00,241.32,59.32,41.37,1.11,19.77,69.96
14-02-2021 00:00,221.07,50.71,41.07,0.91,19.67,71.28
15-02-2021 00:00,231.01,51.91,39.03,1.22,19.24,71.26
16-02-2021 00:00,236.24,58.51,37.47,1.31,19.11,71.64
17-02-2021 00:00,226.41,58.78,36.1,1.09,19.79,67.03
18-02-2021 00:00,174.39,53.68,38.79,0.92,20.94,61.88
19-02-2021 00:00,179.56,47.35,34.79,0.87,21.01,57.69
20-02-2021 00:00,171.07,43.48,46.28,0.9,21.14,58.48
21-02-2021 00:00,195.34,50.25,44.41,0.99,21.04,59.88
22-02-2021 00:00,185.44,47.17,47.14,0.85,21,60.53
23-02-2021 00:00,204.64,52.31,50.93,1.06,21.1,61.64
24-02-2021 00:00,227.82,47.55,44.41,1.09,21.32,64.6
25-02-2021 00:00,251.33,60.05,28.17,1.44,20.5,77.8
26-02-2021 00:00,212.48,49.07,35.91,1.07,21.04,79.28
27-02-2021 00:00,142.53,44.33,38.7,0.96,22.01,74.53
28-02-2021 00:00,134.65,37.17,40.78,0.85,21.42,80.92
1/3/2021 0:00,179.42,50.17,39.16,1.2,22.17,73.08
2/3/2021 0:00,195.17,46.7,47.17,0.86,21.73,58.51
3/3/2021 0:00,187.97,52.4,53.14,1.04,20.12,53.71
4/3/2021 0:00,200.38,58,43.98,1.12,21.08,60.84
5/3/2021 0:00,176.53,48.14,46.97,0.87,21.31,62.27
6/3/2021 0:00,153.02,40.23,46.34,0.82,21.13,64.08
7/3/2021 0:00,120.73,40.2,33.7,0.79,20.11,67.31
8/3/2021 0:00,178.07,56.69,36.95,0.99,22.68,56.25
9/3/2021 0:00,117.53,50.36,46.02,0.86,24.24,53.09
10/3/2021 0:00,119.38,36.26,43.27,0.78,23.24,70.98
11/3/2021 0:00,111.62,38.53,33.53,0.76,22.99,71.38
12/3/2021 0:00,129.84,39.81,38.6,0.83,24.41,61.18
13-03-2021 00:00,173.66,42.52,27.85,0.74,22.82,78.76
14-03-2021 00:00,102.97,33.35,38.37,0.74,21.89,81.17
15-03-2021 00:00,148.16,45.06,28.03,1.03,23.04,81.44
16-03-2021 00:00,216.84,49.6,36.16,1,23.99,71.05
17-03-2021 00:00,201.23,54.48,42.08,0.91,24.14,65.72
18-03-2021 00:00,298.17,54.06,44.7,1.03,24.83,58.7
19-03-2021 00:00,311.61,65.18,37.67,1.1,24.7,62.15
20-03-2021 00:00,323.86,55.93,41.13,1.15,25.08,62.34
21-03-2021 00:00,277.01,54.57,41.13,1.24,25.01,61.3
22-03-2021 00:00,297.94,60.11,40.36,1.2,25.12,63.32
23-03-2021 00:00,284.69,48.84,46.66,0.88,26.6,53.84
24-03-2021 00:00,224.23,33.89,63.93,0.68,27.1,48.45
25-03-2021 00:00,244.94,39.25,57.94,0.76,24.51,49.5
26-03-2021 00:00,357.34,67.77,49.46,1.42,23.97,51.45
27-03-2021 00:00,324.41,61.37,50.13,1.24,24.66,50.79
28-03-2021 00:00,240.44,47.93,60.29,0.95,25.59,46.73
29-03-2021 00:00,187.16,34.28,61.12,0.85,25.99,47.18
30-03-2021 00:00,145.8,27.85,61.85,0.76,23.04,63.81
31-03-2021 00:00,109.44,28.1,55.38,0.85,22.73,66.75
1/4/2021 0:00,105.18,27.36,45.89,0.85,23.35,74.87
2/4/2021 0:00,122.66,42.06,58.71,0.96,25.4,54.11
3/4/2021 0:00,172.59,46.54,60.29,1,26.13,46.75
4/4/2021 0:00,186.78,42.83,65.88,0.75,26.77,36.29
5/4/2021 0:00,195.32,50.47,56.88,0.92,25.52,39.81
6/4/2021 0:00,209.11,56.03,50.82,1.09,25.61,48.7
7/4/2021 0:00,196.44,48.57,55.93,1.02,26.51,46.76
8/4/2021 0:00,133.73,34.58,49.26,0.85,25.49,62.06
9/4/2021 0:00,98.92,33.01,48.26,0.88,25.32,67.05
10/4/2021 0:00,114.99,27.71,52.64,0.65,25.85,59.11
11/4/2021 0:00,127.38,44.99,45.9,0.88,27.02,57.54
12/4/2021 0:00,143.22,41.01,53.07,0.83,27.36,59.38
13-04-2021 00:00,184.05,49.18,57.64,1.03,27.99,48.48
14-04-2021 00:00,146.91,30.93,59.44,0.8,26.86,53.23
15-04-2021 00:00,93.88,33.3,55.37,0.8,26.59,56.15
16-04-2021 00:00,90.27,29.62,56.5,0.65,25.03,60.95
17-04-2021 00:00,44.82,27.87,50.93,0.61,22.13,72.6
18-04-2021 00:00,52.91,28.93,54.11,0.52,24.4,68.21
19-04-2021 00:00,76.45,37.24,50.78,0.82,24.62,71.75
20-04-2021 00:00,106.13,34.29,48.48,0.89,26.55,67.92
21-04-2021 00:00,106.08,33.25,44.09,0.85,26.67,66.01
22-04-2021 00:00,80.65,39.43,26.76,0.86,22.94,83.57
23-04-2021 00:00,78.33,38.67,42.97,0.7,25.16,57.73
24-04-2021 00:00,115.6,43.2,61.94,0.74,27.26,53.66
25-04-2021 00:00,136.95,46.34,60.33,0.85,28.57,56.64
26-04-2021 00:00,152.1,43.45,61.05,0.89,29.84,51.81
27-04-2021 00:00,152.06,38.22,61.52,0.91,29.76,50.74
28-04-2021 00:00,123.38,26.89,72.54,0.7,28.19,51.36
29-04-2021 00:00,97.84,37.71,62.88,0.74,27.81,46.45
30-04-2021 00:00,121.4,40.9,58.67,0.77,29.25,42.83
1/5/2021 0:00,58.93,33.24,46.98,0.75,23.05,74.17
2/5/2021 0:00,71.73,34.5,38.7,0.75,25.18,70.1
3/5/2021 0:00,76.56,27.95,40.23,0.73,24.73,79.23
4/5/2021 0:00,47.06,29.9,34.09,0.9,21.66,92.33
5/5/2021 0:00,73.33,32.52,31.27,0.67,24.09,80.16
6/5/2021 0:00,60.94,32.32,34.93,0.76,23.37,84.62
7/5/2021 0:00,57.62,28.56,29.6,0.71,22.83,89.78
8/5/2021 0:00,65.89,30.91,31.67,0.66,23.48,86
9/5/2021 0:00,58.79,31.95,30.04,0.65,24.34,83.48
10/5/2021 0:00,81.23,30.87,35.77,0.63,25.24,74.4
11/5/2021 0:00,72.97,23.28,49.72,0.64,24.57,79.6
12/5/2021 0:00,48.68,28.06,44.8,0.63,21.81,92.69
13-05-2021 00:00,64.07,32.38,33.81,0.79,24.19,80.98
14-05-2021 00:00,73.14,27.13,30.95,0.64,24.1,86.34
15-05-2021 00:00,71.54,25.87,37.73,0.64,27.18,70.11
16-05-2021 00:00,74.07,18.31,38.95,0.55,26.99,80.2
17-05-2021 00:00,54.44,18.94,33.11,0.58,26.72,82.26
18-05-2021 00:00,53.11,18.22,27.59,0.61,26.56,85
19-05-2021 00:00,95.27,18.02,27.31,0.66,27.72,80.48
20-05-2021 00:00,88.39,19.65,23.36,0.59,25.64,87.32
21-05-2021 00:00,44.77,19.26,17.52,0.6,26.06,88.77
22-05-2021 00:00,67.76,19.37,21.3,0.66,28.93,79.46
23-05-2021 00:00,78.25,22.99,25.71,0.67,29.93,71.59
24-05-2021 00:00,81.3,21.91,27.05,0.71,30.76,67.78
25-05-2021 00:00,53.84,22.13,23.7,0.61,27.62,77.18
26-05-2021 00:00,44.77,15.23,24.95,0.57,27.85,74.36
27-05-2021 00:00,36.25,15.65,45.1,0.58,24.45,82.82
28-05-2021 00:00,37.09,17.48,46.41,0.58,23.31,86.59
29-05-2021 00:00,57.39,22.19,29.37,0.66,27.93,72.89
30-05-2021 00:00,64.26,19.36,28.14,0.62,27.58,83.28
31-05-2021 00:00,57.17,20.74,29.07,0.67,26.27,87.54
1/6/2021 0:00,35.32,16,36.34,0.61,26.74,82.83
2/6/2021 0:00,35.41,18.54,28.43,0.72,26.13,90.56
3/6/2021 0:00,64.5,24.64,27.93,0.73,28.78,76.81
4/6/2021 0:00,77.91,21.93,29.08,0.7,28.28,80.54
5/6/2021 0:00,71.08,20.98,28.44,0.74,27.15,88.3
6/6/2021 0:00,59.79,18.68,24.6,0.65,24.62,97.13
7/6/2021 0:00,49.29,20.53,21.33,0.66,24.23,97.3
8/6/2021 0:00,56.38,21.01,25.96,0.66,25.76,91.94
9/6/2021 0:00,44.41,22.02,33.82,0.69,27.04,84.73
10/6/2021 0:00,63.9,23.99,23.11,0.69,29.51,76.48
11/6/2021 0:00,59.86,31.39,15.94,0.76,26.11,91.44
12/6/2021 0:00,43.54,25.11,13.72,0.81,25.76,93.78
13-06-2021 00:00,37.93,19.08,16.43,0.56,27.6,83.43
14-06-2021 00:00,38.76,20.64,14.85,0.63,27.13,87.95
15-06-2021 00:00,33.47,20.85,16.03,0.65,26.59,90.59
16-06-2021 00:00,40.26,21.52,17.13,0.63,26.98,88.85
17-06-2021 00:00,38.65,21.68,19.92,0.64,26.36,90.19
18-06-2021 00:00,37.82,20.49,19.08,0.61,26,90.82
19-06-2021 00:00,31.68,21.13,20.27,0.6,25.75,90.76
20-06-2021 00:00,37.04,21.8,22.56,0.61,25.22,94.5
21-06-2021 00:00,50.7,25.52,20.36,0.79,27.11,88.11
22-06-2021 00:00,53.51,19.14,24.62,0.59,28.01,87.15
23-06-2021 00:00,51.55,24.25,19.03,0.76,26.91,90.87
24-06-2021 00:00,61.69,26.1,16.18,0.71,27.06,90.12
25-06-2021 00:00,52.18,21.31,19.32,0.63,27.84,87.04
26-06-2021 00:00,44.34,22.36,17.99,0.79,26.28,94.18
27-06-2021 00:00,55.54,24.18,14.85,0.81,26.59,94.21
28-06-2021 00:00,61.44,23.68,16.15,0.73,26.98,93.82
29-06-2021 00:00,50.66,16.38,18.81,0.69,25.46,97.33
30-06-2021 00:00,49.73,21.26,21.19,0.74,24.49,97.37
1/7/2021 0:00,40.14,25.34,18.77,0.74,23.84,97.31
2/7/2021 0:00,44.43,19.98,19.48,0.65,23.61,97.14
3/7/2021 0:00,31,21.58,18.43,0.68,24.77,95.92
4/7/2021 0:00,36.94,20.41,17.16,0.65,26.36,94.23
5/7/2021 0:00,51.07,24.3,17.75,0.73,26.93,92.3
6/7/2021 0:00,50.69,22.4,21.45,0.77,26.91,93.18
7/7/2021 0:00,61.05,24.11,22.18,0.69,26.74,95.58
8/7/2021 0:00,44.62,20.7,22.98,0.79,27.25,91.67
9/7/2021 0:00,46.4,20.1,14.74,0.67,29.06,82.52
10/7/2021 0:00,40.08,21.48,15.91,0.63,28.49,86.88
11/7/2021 0:00,24.79,16.37,15.19,0.6,27.02,88.76
12/7/2021 0:00,39.39,20.02,14.49,0.76,29.46,80.57
13-07-2021 00:00,38.16,20.76,17.71,0.64,27.91,88.66
14-07-2021 00:00,28.63,17.97,19.54,0.59,26.42,93.1
15-07-2021 00:00,41.24,21.39,17.05,0.76,26.47,93.34
16-07-2021 00:00,45.29,19.87,17.86,0.64,27.01,93
17-07-2021 00:00,31.93,19.16,18.56,0.65,25.34,96.55
18-07-2021 00:00,34.34,17,17.62,0.62,27.14,91.04
19-07-2021 00:00,34.36,19.17,17.87,0.71,27.06,92.24
20-07-2021 00:00,34.1,18.01,18.93,0.7,27.46,90.92
21-07-2021 00:00,37.11,16.28,19.09,0.77,28.72,87.31
22-07-2021 00:00,34.3,18.28,17.27,0.8,28.27,87.92
23-07-2021 00:00,37.76,21.23,14.03,0.72,27.81,89.86
24-07-2021 00:00,39.68,18.29,16.23,0.64,28.55,82.9
25-07-2021 00:00,41.12,15.88,16.36,0.59,28.02,88.73
26-07-2021 00:00,52.15,19.12,17.27,0.65,28.64,88.85
27-07-2021 00:00,40.49,23.67,15.55,0.91,28.12,89.91
28-07-2021 00:00,40.42,21.97,14.68,0.71,28.16,89.75
29-07-2021 00:00,33.24,19.12,16.36,0.7,28,85.5
30-07-2021 00:00,27.07,17.31,16.57,0.66,28.11,86.23
31-07-2021 00:00,28.53,18.14,14.44,0.71,26.33,96.16
1/8/2021 0:00,29.13,17.5,16.31,0.63,26.82,92.21
2/8/2021 0:00,29.7,21.36,15.05,0.73,27.35,92.23
3/8/2021 0:00,43.28,19.33,16.56,0.76,28.68,87.71
4/8/2021 0:00,44.87,23.32,16.28,0.73,28.74,86.17
5/8/2021 0:00,55.76,23.68,17.53,0.7,30.2,80.25
6/8/2021 0:00,51.43,22.62,19.75,0.63,29.21,82.2
7/8/2021 0:00,33.21,21.72,19.7,0.62,27.95,85.57
8/8/2021 0:00,28.02,20.58,18.05,0.67,26.86,93.45
9/8/2021 0:00,42.99,23.72,20.54,0.75,27,93.25
10/8/2021 0:00,59.06,21.43,20.46,0.65,28.05,91.64
11/8/2021 0:00,44.31,19.38,22.08,0.62,27.67,93.52
12/8/2021 0:00,33.95,22.04,22.26,0.67,26.06,96.22
13-08-2021 00:00,43.64,20.39,22.62,0.64,27.44,92.65
14-08-2021 00:00,32.71,22.77,17.98,0.7,26.15,96.27
15-08-2021 00:00,38.58,19.4,18.62,0.69,25.79,96.44
16-08-2021 00:00,55.98,21.82,20.77,0.75,27.47,89.4
17-08-2021 00:00,36.47,18.43,20.84,0.7,26.66,93.15
18-08-2021 00:00,27.97,20.88,19.78,0.61,25.56,95.13
19-08-2021 00:00,23.52,20.73,17.95,0.64,25.16,96.71
20-08-2021 00:00,24.15,21.4,16.07,0.67,24.57,96.95
21-08-2021 00:00,39.59,20.73,15,0.74,25.82,93.78
22-08-2021 00:00,48.19,12.32,17.43,0.7,26.81,94.55
23-08-2021 00:00,34.62,13.65,16.05,0.66,24.74,97.25
24-08-2021 00:00,40.53,11.86,16.74,0.68,26.48,96.05
25-08-2021 00:00,38.69,12.03,17.97,0.71,26.28,94.31
26-08-2021 00:00,23.38,13.68,19.36,0.67,24.81,97.26
27-08-2021 00:00,21.94,13.73,16.56,0.74,24.78,97.12
28-08-2021 00:00,26.45,15.77,14.19,0.82,24.29,97.25
29-08-2021 00:00,32.2,19.1,13.09,0.58,25.84,92.43
30-08-2021 00:00,37.2,18.31,12.8,0.78,25.74,95.91
31-08-2021 00:00,45.75,15.27,15.82,0.61,26.42,93.37
1/9/2021 0:00,45.83,15.63,14.88,0.69,26.29,94.13
2/9/2021 0:00,28.36,17.79,15.13,0.8,24.37,97.21
3/9/2021 0:00,40.28,16.08,17.26,0.74,26.44,92.97
4/9/2021 0:00,46.59,14.97,18.06,0.76,27.26,92.21
5/9/2021 0:00,49.37,15.53,18.92,0.6,28.42,86.15
6/9/2021 0:00,52.27,16.89,17.94,0.55,29.12,82.14
7/9/2021 0:00,27.32,16.55,16.92,0.62,26.67,86.36
8/9/2021 0:00,33.64,15.62,17.45,0.46,27.62,85.19
9/9/2021 0:00,42.92,16.86,19.41,0.62,26.7,89.8
10/9/2021 0:00,47.01,18.57,15.56,0.7,29.2,74.27
11/9/2021 0:00,39.31,16.98,16.38,0.64,27.69,84.02
12/9/2021 0:00,47,16.89,19.57,0.75,29.74,74.41
13-09-2021 00:00,47.55,16.39,18.49,0.66,28.91,77.99
14-09-2021 00:00,35.09,14.2,19.22,0.65,27.38,86.43
15-09-2021 00:00,38.12,16.34,20.17,0.67,28.88,80.79
16-09-2021 00:00,43.74,15.56,17.64,0.63,26.76,91.08
17-09-2021 00:00,29.94,14.51,20,0.6,26.93,87.64
18-09-2021 00:00,26.47,12.6,21.65,0.61,26.2,91.67
19-09-2021 00:00,30.31,17.88,19.71,0.67,26.45,93.01
20-09-2021 00:00,48.82,24.09,18.34,0.75,27.85,87.97
21-09-2021 00:00,47.84,19.94,20.08,0.69,26.43,89.25
22-09-2021 00:00,49.07,16.76,18.85,0.77,27.16,81.76
23-09-2021 00:00,44.32,12.5,17.7,0.64,27.25,85.96
24-09-2021 00:00,56.47,12.74,19.08,0.62,28.44,79.91
25-09-2021 00:00,53.45,15.28,17.89,0.65,29.19,75.07
26-09-2021 00:00,44.6,38.4,17.89,0.55,30.19,68.14
27-09-2021 00:00,48.95,17.65,19.65,0.47,29.51,65.77
28-09-2021 00:00,32.29,15.58,22.76,0.5,28.59,73.8
29-09-2021 00:00,38.79,18.3,17.74,0.67,26.91,87.37
30-09-2021 00:00,46.83,13.57,17.66,0.61,26.86,87.96
1/10/2021 0:00,63.2,15.67,17.15,0.74,27.1,86.37
2/10/2021 0:00,74.32,16.64,15.66,0.65,27.19,89.51
3/10/2021 0:00,41.75,16.76,15.87,0.4,23.83,94.7
4/10/2021 0:00,36.07,17.41,18.02,0.56,25.95,89.13
5/10/2021 0:00,38.24,18.98,20.46,0.66,25.96,90.24
6/10/2021 0:00,46.33,17.78,18.79,0.64,26.35,91.12
7/10/2021 0:00,63.18,23.29,13.87,0.47,25.57,90.88
8/10/2021 0:00,37.81,14.48,19.5,0.6,28.39,84.8
9/10/2021 0:00,93.98,14.68,19.33,0.61,27.39,86.08
10/10/2021 0:00,93.98,13.42,20.45,0.74,27.19,83.48
11/10/2021 0:00,93.98,18.04,21.62,0.72,27.68,79.85
12/10/2021 0:00,93.98,23.6,20.07,0.75,28.21,78.26
13-10-2021 00:00,93.98,17,19.72,0.7,28.69,78.13
14-10-2021 00:00,93.98,15.7,18.89,0.72,29.27,74.73
15-10-2021 00:00,93.98,17.77,20.69,0.67,29.33,73.54
16-10-2021 00:00,93.98,12.78,20.26,0.53,29.76,67.5
17-10-2021 00:00,93.98,15.8,19.26,0.53,27.95,76.64
18-10-2021 00:00,35.41,14.58,14.94,0.56,26.39,87.25
19-10-2021 00:00,19.17,13.82,17.92,0.49,22,97.28
20-10-2021 00:00,25.88,14,18.34,0.6,21.45,97.27
21-10-2021 00:00,42.49,12.85,14.05,0.5,23.03,96.76
22-10-2021 00:00,114.66,17.28,25.48,0.64,22.49,95.66
23-10-2021 00:00,92.18,22.86,29.14,0.71,23.13,88.37
24-10-2021 00:00,78.2,25.61,25.1,0.49,23.7,79.55
25-10-2021 00:00,74.46,20.83,25.98,0.56,24.18,81.47
26-10-2021 00:00,86.75,22.37,25.53,0.54,23.95,81.18
27-10-2021 00:00,79.98,22.77,26.08,0.63,24.25,81.04
28-10-2021 00:00,96.72,24.48,26.32,0.74,23.76,81.09
29-10-2021 00:00,87.76,23.13,27.37,0.55,23.93,77.62
30-10-2021 00:00,85.43,24.98,21.94,0.47,22.05,81.94
31-10-2021 00:00,104.75,29.54,30.97,0.56,22.09,76.04
1/11/2021 0:00,121.68,32.78,28.36,0.7,22.54,74.89
2/11/2021 0:00,91.95,34.14,30.79,0.6,22.76,75.18
3/11/2021 0:00,96.97,29,30.6,0.67,22.6,76.41
4/11/2021 0:00,150.68,27.16,30.63,0.75,22.35,77.2
5/11/2021 0:00,115.45,25.71,30.03,0.65,21.75,76.47
6/11/2021 0:00,97.26,28.03,30.96,0.58,21.67,73.42
7/11/2021 0:00,80.34,29.69,30.32,0.58,21.91,70.97
8/11/2021 0:00,83.24,32.69,23.1,0.6,22.05,64.99
9/11/2021 0:00,93.24,27.65,23.56,0.68,22.24,62.2
10/11/2021 0:00,83.17,27.22,25.56,0.63,22.12,63.36
11/11/2021 0:00,120.25,27.15,25.39,0.79,22.15,68.96
12/11/2021 0:00,84.55,25.87,28.43,0.65,21.69,71.63
13-11-2021 00:00,88.78,26.24,29.71,0.65,21.5,71.17
14-11-2021 00:00,99.83,23.38,29.4,0.61,20.95,76.76
15-11-2021 00:00,110.1,24.35,28.91,0.68,20.61,77.19
16-11-2021 00:00,135.39,27.89,27.32,0.88,20.6,76.52
17-11-2021 00:00,92.49,27.17,25.61,0.65,21.37,73.02
18-11-2021 00:00,119.58,26.38,26.54,0.68,21.27,71.69
19-11-2021 00:00,123.34,31.54,26.8,0.77,21.16,74.74
20-11-2021 00:00,101.6,27.74,30.75,0.63,21.44,75.52
21-11-2021 00:00,117.12,26.6,28.04,0.77,21.37,82.36
22-11-2021 00:00,154.37,26.49,29.62,0.74,21.04,85.77
23-11-2021 00:00,120.96,25.88,26.64,0.86,20.38,90.01
24-11-2021 00:00,78.7,24.15,27.28,0.73,20.19,85.67
25-11-2021 00:00,106.04,29.87,24.21,0.76,20.11,81.16
26-11-2021 00:00,97.03,31.31,19.95,0.74,20.01,78.35
27-11-2021 00:00,87.74,26.65,27.36,0.78,19.88,75.11
28-11-2021 00:00,84.33,27.19,25.48,0.57,20.17,72.51
29-11-2021 00:00,106.01,32.13,25.53,0.7,19.92,71.57
30-11-2021 00:00,100.89,31.7,25.12,0.75,19.76,73.09
1/12/2021 0:00,90.67,32.75,20.83,0.74,20.62,67.03
2/12/2021 0:00,91.46,33.9,25.03,0.69,20.64,65.88
3/12/2021 0:00,95.82,32.15,22.57,0.78,20.68,70.86
4/12/2021 0:00,97.52,30.43,24.56,0.68,20.95,72.89
5/12/2021 0:00,91.21,29.33,24.6,0.66,21.26,71.15
6/12/2021 0:00,98.43,37.42,20.28,0.73,20.77,74.7
7/12/2021 0:00,120.03,32.2,23.91,0.78,20.63,77.35
8/12/2021 0:00,102.46,29.48,25.89,0.75,20.52,81.94
9/12/2021 0:00,116.99,31.33,26.17,0.72,20.69,79.31
10/12/2021 0:00,135.77,33.78,26.39,0.78,19.39,76.59
11/12/2021 0:00,134.07,30.16,28.57,0.61,17.93,73.51
12/12/2021 0:00,148.08,30.81,30.87,0.72,18.31,83.94
13-12-2021 00:00,136.62,34.74,24.24,0.85,17.99,80.05
14-12-2021 00:00,122.58,33.98,28.95,0.68,17.77,75.66
15-12-2021 00:00,106.62,34.79,28.02,0.68,17.66,74.5
16-12-2021 00:00,140.18,34.8,28.02,0.7,17.35,75.47
17-12-2021 00:00,140.12,37.5,27.42,0.75,17.78,73.77
18-12-2021 00:00,113.37,34.96,26.54,0.72,17.82,72.5
19-12-2021 00:00,150.76,23.76,33.72,0.61,15.66,81.15
20-12-2021 00:00,174.18,34.88,30.07,0.85,16.22,76.12
21-12-2021 00:00,118.66,34.66,26.9,0.68,17.63,64.71
22-12-2021 00:00,134.06,44.44,16.46,0.79,15.55,79.41
23-12-2021 00:00,132.88,42.73,26.85,0.83,16.76,72.33
24-12-2021 00:00,132.48,41.68,24.57,0.7,16.5,76.07
25-12-2021 00:00,135.73,39.82,26.13,0.82,16.57,72.13
26-12-2021 00:00,98.64,34.83,26.45,0.69,17,68.86
27-12-2021 00:00,100.39,38.91,23.79,0.69,17.04,69.12
28-12-2021 00:00,97.26,41.65,24.5,0.62,16.98,67.87
29-12-2021 00:00,54.69,26.02,33.79,0.42,16.33,62.88
30-12-2021 00:00,61.71,29.34,36.94,0.69,17.58,63.07
31-12-2021 00:00,112.23,29.66,25.8,0.73,15.97,78.97
1/1/2022 0:00,146.93,22.44,29.57,0.66,15.74,79.71
2/1/2022 0:00,107.64,14.89,30.41,0.68,14.56,86.48
3/1/2022 0:00,110.28,17.53,22.69,0.63,13.15,90.11
4/1/2022 0:00,96.04,19.5,27.33,0.77,13.49,86.79
5/1/2022 0:00,156.61,27.86,29.01,0.77,15.98,81.73
6/1/2022 0:00,164.27,28.2,30.15,0.82,16.82,81.09
7/1/2022 0:00,156.97,34.82,30.33,0.86,17.47,76.16
8/1/2022 0:00,129.76,33.38,31.38,0.81,17.9,74.65
9/1/2022 0:00,138.43,28.96,31.53,0.65,17.73,79.62
10/1/2022 0:00,170.87,29.88,31.97,0.81,18.17,81.5
11/1/2022 0:00,159.53,30.73,30.07,0.88,17.99,85.25
12/1/2022 0:00,183.67,35,18.21,0.69,16.92,90.6
13-01-2022 00:00,74.97,23.15,30.51,0.56,16.44,87.62
14-01-2022 00:00,152.27,36.39,25.59,0.98,16.12,84.39
15-01-2022 00:00,125.88,30.09,30.92,0.89,16.4,80.67
16-01-2022 00:00,118.36,26.42,29.79,0.82,15.7,78.59
17-01-2022 00:00,138.28,35.58,20.31,1.07,13.68,87.79
18-01-2022 00:00,120.28,23.58,29.34,1.05,14.58,82.92
19-01-2022 00:00,135.26,20.37,30.9,1,15.64,81.6
20-01-2022 00:00,150.55,25.04,16.92,1.2,13.74,92.92
21-01-2022 00:00,99.57,30.07,31.74,1.02,16.55,78.68
22-01-2022 00:00,112.71,34.55,24.94,0.88,16.07,78.71
23-01-2022 00:00,82.31,30.75,27.64,0.79,16.11,81.55
24-01-2022 00:00,101.8,38.18,25.63,0.93,16.81,70.56
25-01-2022 00:00,143.91,38.64,28.36,1.2,16.78,75.72
26-01-2022 00:00,130.4,32.45,25.91,0.39,16.11,84.47
27-01-2022 00:00,138.45,19.13,41.86,0.8,14.43,80.3
28-01-2022 00:00,186.77,24.47,42.21,1.06,12.13,86.52
29-01-2022 00:00,176.83,25.58,43.59,1,13.75,74.65
30-01-2022 00:00,170.87,31.18,45.41,1.18,13.48,73.99
31-01-2022 00:00,218.01,46.42,38.17,1.44,14.15,77.24
1/2/2022 0:00,188.85,35.6,45.58,1,13.99,83.84
2/2/2022 0:00,141.98,46.06,34.15,1.13,14.84,80.6
3/2/2022 0:00,129.84,43.61,38.46,0.87,16.68,67.03
4/2/2022 0:00,69.53,27.39,40.16,0.67,13.83,85.33
5/2/2022 0:00,42.23,28.19,34.67,0.89,12.13,93.24
6/2/2022 0:00,82.17,23.51,36.02,0.81,13.19,81.87
7/2/2022 0:00,108.75,31.8,31.2,0.98,14.79,80.35
8/2/2022 0:00,109.84,29.49,41.09,0.98,15.85,80.98
9/2/2022 0:00,125.57,38.28,30.17,1,16.24,77.31
10/2/2022 0:00,137.42,40.84,33.9,0.86,16.51,81.12
11/2/2022 0:00,116.58,33.12,32.49,0.89,16.37,84.4
12/2/2022 0:00,150.97,36.45,41.01,1.04,16.1,74.07
13-02-2022 00:00,135.76,38.6,52.5,1.05,18.55,65.28
14-02-2022 00:00,111.86,36.24,37.29,0.91,17.7,66.2
15-02-2022 00:00,104.9,35.57,51.43,0.87,18.06,61.87
16-02-2022 00:00,125.82,40.18,52.11,0.88,17.88,65.57
17-02-2022 00:00,181.39,57.4,47.73,0.9,18.13,68.96
18-02-2022 00:00,172.3,47.67,49.19,0.88,17.91,72.52
19-02-2022 00:00,180.8,63.81,47.36,1.02,17.97,68.93
20-02-2022 00:00,179.08,54.25,51.67,0.86,17.11,65.59
21-02-2022 00:00,124.52,43.61,50.25,0.72,16.39,63.24
22-02-2022 00:00,97.62,57.39,48.02,0.82,17.35,62.36
23-02-2022 00:00,125.87,63.34,52.51,0.81,19.25,53.29
24-02-2022 00:00,111.94,54.36,53.32,0.8,20.36,51.46
25-02-2022 00:00,114.72,50.28,44.11,0.76,19.24,59.45
26-02-2022 00:00,121.79,53.15,38.73,0.75,18.99,67.99
27-02-2022 00:00,128.75,51.64,44.72,0.75,19.78,71.58
28-02-2022 00:00,165.27,51.62,42.06,0.84,20.65,67.85
1/3/2022 0:00,160.51,49.9,42.22,0.83,20.62,66.81
2/3/2022 0:00,155.48,58.62,39.89,0.82,21.48,66.24
3/3/2022 0:00,163.78,61.71,38,0.82,21.34,68.54
4/3/2022 0:00,167.76,51.27,41.81,0.82,21.28,66.74
5/3/2022 0:00,186.48,59.38,45.4,0.95,22.1,62.75
6/3/2022 0:00,196.99,56.1,41.96,0.86,22.49,66.49
7/3/2022 0:00,184.21,55.82,40.7,0.81,23.57,60.51
8/3/2022 0:00,198.09,70.05,40.38,0.95,22.97,63.11
9/3/2022 0:00,167.8,51.79,54.16,0.82,23.83,56.51
10/3/2022 0:00,191.67,57.52,50.83,0.93,23.52,56.99
11/3/2022 0:00,232.9,61.84,52.97,0.91,23.54,56.7
12/3/2022 0:00,204.6,64.76,50.01,0.9,23.69,57.94
13-03-2022 00:00,221.01,66.86,51.92,1.06,25.16,53.58
14-03-2022 00:00,207.01,51.56,45.17,0.94,25.33,58.22
15-03-2022 00:00,228.39,67.66,34.82,1.16,24.99,59.59
16-03-2022 00:00,296.29,75.91,35.92,1.52,24.97,58.48
17-03-2022 00:00,321.37,79.61,45.4,1.35,26.61,53.2
18-03-2022 00:00,254.41,67.2,43.73,1.4,27.4,58.01
19-03-2022 00:00,287.03,54.18,44.69,1.47,27.89,57.63
20-03-2022 00:00,225.08,36.21,55.6,1.17,28.36,56.29
21-03-2022 00:00,178.48,39.81,47.17,0.94,26.99,65.45
22-03-2022 00:00,122.27,49.58,30.45,1,24.5,80.45
23-03-2022 00:00,126.98,42.77,41.93,0.78,26.13,67.47
24-03-2022 00:00,132.39,47.7,51.08,0.79,26.64,57.1
25-03-2022 00:00,151.38,43.46,60.62,0.95,27.42,46.78
26-03-2022 00:00,181.05,58.8,41.55,1.03,25.7,57.94
27-03-2022 00:00,182.04,50.88,36.5,0.93,25.53,68.69
28-03-2022 00:00,111.82,41.54,31.69,0.79,24.28,78.19
29-03-2022 00:00,75.12,35.98,34.36,0.78,23.74,77.48
30-03-2022 00:00,74.64,35.97,35.73,0.72,23.55,80.11
31-03-2022 00:00,79.03,36.2,30.21,0.71,23.64,85.85
1/4/2022 0:00,69.6,33.41,22.1,0.87,23.32,93.36
2/4/2022 0:00,56.28,31.8,21.81,0.82,22.79,95.91
3/4/2022 0:00,50.61,30.53,26.11,0.82,23.06,92.94
4/4/2022 0:00,77.88,42.82,16.94,0.96,24.17,92.91
5/4/2022 0:00,80.92,33.71,24.57,0.8,24.98,89.29
6/4/2022 0:00,72.41,33.37,24.65,0.71,24.8,90.92
7/4/2022 0:00,49.6,36.08,22.83,0.77,23.47,91.99
8/4/2022 0:00,58.7,32.65,41.52,0.72,24.6,80.05
9/4/2022 0:00,57.1,26.79,43.28,0.71,23.22,86.04
10/4/2022 0:00,44.18,27.1,40.31,0.68,22.39,92.04
11/4/2022 0:00,38.74,27.58,38.61,0.7,23.87,82.23
12/4/2022 0:00,51.99,37.89,31.61,0.88,25.82,77.81
13-04-2022 00:00,73.47,45.03,25.47,0.87,25.8,86.59
14-04-2022 00:00,96.73,29.56,22.42,0.77,27.52,83.18
15-04-2022 00:00,88.53,25.1,29.7,0.77,27.24,79.33
16-04-2022 00:00,115.65,32.88,31.99,0.73,27.51,74.33
17-04-2022 00:00,91.39,29.02,38.7,0.66,25.91,72.55
18-04-2022 00:00,69.81,36.49,36.71,0.66,25.11,76.35
19-04-2022 00:00,57.59,29.4,37.35,0.63,25.93,73.65
20-04-2022 00:00,52.49,36.95,32.23,0.7,24.18,83.89
21-04-2022 00:00,53.8,36.34,28.66,0.83,25.24,78.25
22-04-2022 00:00,62.35,32.97,21.1,0.75,25.73,87.77
23-04-2022 00:00,47.43,21.58,25.33,0.76,25.77,86.12
24-04-2022 00:00,124.18,28.47,36.71,0.89,28.93,71.57
25-04-2022 00:00,136.77,31.19,35.82,0.92,27.82,75.75
26-04-2022 00:00,111.27,34.07,40.59,0.83,27.54,73.31
27-04-2022 00:00,75.71,39.43,44.28,0.82,25.85,70.98
28-04-2022 00:00,69.53,39.25,38.93,0.78,27.13,69.02
29-04-2022 00:00,81.9,44.14,35.67,0.8,27.98,67.75
30-04-2022 00:00,37.53,28.67,38.86,0.73,21.11,95.6
1/5/2022 0:00,37.08,27.54,42.65,0.66,25.22,76.64
2/5/2022 0:00,39.03,35.76,30.57,0.77,23.48,89.32
3/5/2022 0:00,38.91,28.3,36.47,0.72,25.29,78.4
4/5/2022 0:00,36.46,30.12,41.62,0.73,25.72,74.41
5/5/2022 0:00,32.2,32.11,37.75,0.77,27.15,62.42
6/5/2022 0:00,46.66,41.64,32.8,0.7,27.29,70.75
7/5/2022 0:00,53.58,52.97,20.61,0.9,26.12,82.39
8/5/2022 0:00,53.49,44.27,29.89,0.68,28.67,66.02
9/5/2022 0:00,61.82,47.2,33.65,0.67,28.51,68.4
10/5/2022 0:00,42.57,51.12,30.4,0.74,27.18,78.99
11/5/2022 0:00,33.5,59.19,27.52,0.68,27.5,81.1
12/5/2022 0:00,46.86,60.27,26.23,0.7,27.82,80.92
13-05-2022 00:00,27.28,62.76,22.55,0.77,25.49,91.74
14-05-2022 00:00,37.37,71.47,19.67,0.72,25.81,94.04
15-05-2022 00:00,44.55,75.03,21.18,0.7,26.58,90.15
16-05-2022 00:00,43.35,65.73,24.82,0.79,25.73,92.51
17-05-2022 00:00,46.09,55.09,22.66,0.81,25.46,88.74
18-05-2022 00:00,60.47,44.85,20.31,0.78,27.37,84.07
19-05-2022 00:00,43.51,53.06,26.45,0.63,24.4,91.4
20-05-2022 00:00,33.75,40.24,24.22,0.67,24.73,90.06
21-05-2022 00:00,30.9,53.82,24.98,0.75,25.02,88.19
22-05-2022 00:00,39.79,57.74,25.73,0.83,26.34,78.85
23-05-2022 00:00,56.35,59.08,29.44,0.64,27.2,71.41
24-05-2022 00:00,63.6,54.22,21.62,0.87,28.67,72.31
25-05-2022 00:00,79.53,46.87,19.28,0.78,27.52,82.1
26-05-2022 00:00,46.57,26.46,22.08,0.83,26.87,83.41
27-05-2022 00:00,53.31,37.34,27.9,0.75,26.49,80.23
28-05-2022 00:00,43.03,34.95,26.78,0.86,26.1,85.73
29-05-2022 00:00,66.71,33.13,20.68,0.88,27.49,85.76
30-05-2022 00:00,63.34,34.27,23.06,0.9,26.7,88.82
31-05-2022 00:00,71.23,32.61,20.86,0.75,28.89,79.32
1/6/2022 0:00,61.66,33.9,24.14,0.92,27.8,86.32
2/6/2022 0:00,43.47,30.34,29.64,0.84,27.43,89.61
3/6/2022 0:00,50.37,24.7,30.61,0.72,27.14,89.16
4/6/2022 0:00,40.13,23.77,25.02,0.77,26.14,94.42
5/6/2022 0:00,39.36,20.94,26.43,0.75,25.06,96.93
6/6/2022 0:00,48.02,27.69,25.07,0.75,26.22,94.79
7/6/2022 0:00,49.4,27.72,26.3,0.76,27.2,92.01
8/6/2022 0:00,42.78,24.03,28.11,0.73,27.11,92.58
9/6/2022 0:00,38.39,27.76,27.07,0.8,25.71,95.05
10/6/2022 0:00,38.7,28.44,27.5,0.77,25.05,95.59
11/6/2022 0:00,53.96,21.98,22.6,0.78,26.4,92.12
12/6/2022 0:00,44.84,36.66,25.72,0.6,23.34,96.82
13-06-2022 00:00,44.16,24.66,22.09,0.61,25.52,93.05
14-06-2022 00:00,40.62,30.21,25.96,0.61,24.57,96.11
15-06-2022 00:00,38.93,29.16,25.41,0.63,23.61,97.34
16-06-2022 00:00,36.97,21.43,26.81,0.56,24.47,97.35
17-06-2022 00:00,30.81,19.02,22.89,0.56,24.39,97.21
18-06-2022 00:00,36.37,23.11,24.92,0.5,25.38,93.51
19-06-2022 00:00,36.95,12.8,21.65,0.48,24.92,97.3
20-06-2022 00:00,29.72,11.35,27.34,0.39,25.12,94.77
21-06-2022 00:00,32.81,10.53,24.54,0.7,25.31,95.9
22-06-2022 00:00,45.3,10.42,24.62,0.32,27.82,86.82
23-06-2022 00:00,50.6,11.62,22.6,0.48,27.56,88.52
24-06-2022 00:00,47.91,9.97,18.01,0.51,25.37,96.71
25-06-2022 00:00,34.95,12.45,19.28,0.61,26.74,91.22
26-06-2022 00:00,30.93,9.82,19,0.75,26.71,92.26
27-06-2022 00:00,36.54,10.3,15.93,0.52,26.15,96.09
28-06-2022 00:00,23.1,12.5,14.48,0.45,23.35,97.27
29-06-2022 00:00,23.37,12.16,14.63,0.51,23.69,97.26
30-06-2022 00:00,44.79,10.75,15.48,0.52,27.36,86.79
1/7/2022 0:00,30.99,11.15,20.01,0.69,26.37,95.26
2/7/2022 0:00,39.75,11.23,18.88,0.87,26.21,96.57
3/7/2022 0:00,48.2,11.18,17.47,0.65,27.77,91.31
4/7/2022 0:00,50.69,13.33,16.53,0.65,27.99,92.02
5/7/2022 0:00,55.7,10.89,18.14,0.7,29.06,89.9
6/7/2022 0:00,48.24,10.05,19.19,0.65,28.35,91.61
7/7/2022 0:00,49.92,8.35,17.73,0.63,29.87,82.26
8/7/2022 0:00,55.38,9.37,16.78,0.75,28.9,93.05
9/7/2022 0:00,37.63,9.92,22.23,0.67,28.06,84.79
10/7/2022 0:00,48.89,10.61,23.15,0.68,29.38,84.02
11/7/2022 0:00,40.76,13.19,19.07,0.6,28.86,86.59
12/7/2022 0:00,39.3,9.65,21.72,0.54,29.99,79.13
13-07-2022 00:00,45.2,8.69,20.46,0.6,30.55,76.12
14-07-2022 00:00,36.92,6.19,19.69,0.53,31.15,70.2
15-07-2022 00:00,50.19,8.43,22.79,0.62,33.38,60.85
16-07-2022 00:00,53.62,11.05,19.43,0.55,30.39,83.03
17-07-2022 00:00,51.24,10.24,18.42,0.48,28.99,89.9
18-07-2022 00:00,36.81,7.91,19.23,0.47,28.65,86.3
19-07-2022 00:00,36.12,4.66,18.94,0.37,27.56,89.35
20-07-2022 00:00,33.08,2.16,20.06,0.32,27.39,93.89
21-07-2022 00:00,27.6,6.61,21.17,0.34,26.83,93.31
22-07-2022 00:00,30.94,12.13,16.41,0.44,27.62,93.57
23-07-2022 00:00,23.62,10.54,17.19,0.29,28.37,80.04
24-07-2022 00:00,26.71,9.07,17.16,0.35,26.85,93.34
25-07-2022 00:00,32.04,8.09,18.12,0.3,26.2,92.47
26-07-2022 00:00,33.43,12.97,16.76,0.44,25.54,96.18
27-07-2022 00:00,34.53,15.76,15.51,0.56,24.65,96.55
28-07-2022 00:00,42.86,9.65,20.8,0.3,27.11,89.23
29-07-2022 00:00,23.93,4.7,21.02,0.38,26.63,92.14
30-07-2022 00:00,36.92,5.75,19.15,0.4,25.95,95.38
31-07-2022 00:00,25.94,10.62,18.64,0.39,25.04,97.27
1/8/2022 0:00,22.95,18.29,18.36,0.45,24.25,97.33
2/8/2022 0:00,41.34,21.42,17.2,0.45,26.31,94.88
3/8/2022 0:00,42.3,18.05,18.72,0.29,26.83,93.45
4/8/2022 0:00,45.14,18.19,15.11,0.52,27.19,95.97
5/8/2022 0:00,43.72,17.1,19.53,0.3,27.92,88.34
6/8/2022 0:00,33.9,13.95,18.09,0.38,26.35,96.55
7/8/2022 0:00,40.75,15.19,17.77,0.32,29.62,81.3
8/8/2022 0:00,45.07,16.27,17.67,0.52,28.98,88.77
9/8/2022 0:00,33.8,13.01,22.04,0.34,28.41,90.95
10/8/2022 0:00,32.89,17.41,22.6,0.26,27.61,89.21
11/8/2022 0:00,40.89,23.62,23.45,0.56,28.71,83.6
12/8/2022 0:00,53.59,13.58,26.57,0.33,28.9,84.54
13-08-2022 00:00,50.76,14.35,25.77,0.23,28.73,84.54
14-08-2022 00:00,26.03,15.92,27.08,0.23,28.11,83.06
15-08-2022 00:00,34.16,11.93,25.82,0.36,28.43,84.86
16-08-2022 00:00,48.26,13.52,23.52,0.42,28.15,88.59
17-08-2022 00:00,50.79,11.54,24.36,0.38,29.18,88.24
18-08-2022 00:00,56.62,12.04,26.11,0.34,28.88,86.71
19-08-2022 00:00,35.49,11.12,22.12,0.4,28.24,86.61
20-08-2022 00:00,37.57,11.74,24.81,0.46,28.8,80.51
21-08-2022 00:00,41.92,17.48,24.21,0.32,28.63,85.54
22-08-2022 00:00,59.21,15.31,26.4,0.34,29.38,83.67
23-08-2022 00:00,55.76,16.67,19.8,0.41,26.7,94.77
24-08-2022 00:00,41.43,17.23,21.26,0.44,27.55,90.6
25-08-2022 00:00,46.48,16.77,21.68,0.46,27.15,93.45
26-08-2022 00:00,63.44,15.31,24.33,0.4,28.77,85.59
27-08-2022 00:00,62.19,14.66,25.25,0.36,27.84,92.15
28-08-2022 00:00,28.71,12.15,29.2,0.27,26.2,94.77
29-08-2022 00:00,37.07,16.83,23.38,0.48,25.4,96.62
30-08-2022 00:00,49.11,16.16,24.24,0.25,26.5,95.13
31-08-2022 00:00,38.66,19.99,23.08,0.4,25.48,97.21
1/9/2022 0:00,29.46,14.93,24.75,0.63,24.79,97.15
2/9/2022 0:00,51.84,15.52,20.38,0.31,25.97,97.17
3/9/2022 0:00,38.68,16.66,23.59,0.29,23.74,96.46
4/9/2022 0:00,41.39,16.1,24.8,0.31,23.74,94.88
5/9/2022 0:00,40.87,20.49,28.85,0.3,23.74,94.64
6/9/2022 0:00,45.79,26.72,29.2,0.53,23.74,94.61
7/9/2022 0:00,68.8,25.54,25.3,0.35,23.74,86.9
8/9/2022 0:00,54.78,22.04,19.49,0.28,23.74,86.94
9/9/2022 0:00,44.31,28.74,21.65,0.43,23.74,80.28
10/9/2022 0:00,52.06,32.36,22.46,0.36,23.74,76.97
11/9/2022 0:00,39.88,20.12,26.24,0.21,23.74,85.16
12/9/2022 0:00,34.99,24.03,19.17,0.27,23.74,97.26
13-09-2022 00:00,30.64,21.9,18.54,0.22,23.74,95.63
14-09-2022 00:00,36.77,27.48,17.98,0.43,23.74,97.26
15-09-2022 00:00,44.27,19.41,21.13,0.24,23.74,91.37
16-09-2022 00:00,34.78,17.68,25.91,0.24,23.74,90.63
17-09-2022 00:00,33.5,23.16,21.55,0.5,23.74,95.15
18-09-2022 00:00,54.89,17.53,22.93,0.24,23.74,85.85
19-09-2022 00:00,67.64,24.07,22.89,0.35,23.74,89.26
20-09-2022 00:00,61.48,27.45,22.56,0.34,23.74,91.18
21-09-2022 00:00,50.43,24.2,24.57,0.28,23.74,86.59
22-09-2022 00:00,39.3,25.67,24.44,0.23,23.74,91.83
23-09-2022 00:00,34.76,18.2,27.38,0.24,23.74,92.9
24-09-2022 00:00,38.64,11.83,27.4,0.32,23.74,90.75
25-09-2022 00:00,34.13,14.39,27.63,0.33,23.74,96.3
26-09-2022 00:00,44.72,19.74,23.83,0.37,23.74,91.35
27-09-2022 00:00,62.77,19.75,24.2,0.43,23.74,88.11
28-09-2022 00:00,57.15,14.13,27.03,0.28,23.74,89.17
29-09-2022 00:00,53.82,17.22,23.76,0.36,23.74,90.59
30-09-2022 00:00,59.86,18.12,24.3,0.37,23.74,81.46
1/10/2022 0:00,61.21,17.06,25.12,0.44,23.74,80.03
2/10/2022 0:00,62.32,16.36,24.72,0.38,23.74,82.75
3/10/2022 0:00,48.36,14.19,22.75,0.46,23.74,94.41
4/10/2022 0:00,28.75,14.81,21.33,0.28,23.74,95.63
5/10/2022 0:00,31.13,13.64,21.16,0.28,23.74,88.2
6/10/2022 0:00,33.5,13.88,19.93,0.37,23.74,93.54
7/10/2022 0:00,40.85,14.85,21.51,0.3,23.74,93.49
8/10/2022 0:00,36.43,14.55,22.54,0.2,23.74,90.33
9/10/2022 0:00,39.57,14.61,19.54,0.23,23.74,97
10/10/2022 0:00,36.93,15.38,23.34,0.24,23.74,95.92
11/10/2022 0:00,43.81,14.4,25.36,0.18,23.74,91.22
12/10/2022 0:00,36.97,18.84,20.62,0.42,23.74,97.29
13-10-2022 00:00,48.48,16.42,20.29,0.29,23.74,97.25
14-10-2022 00:00,61.33,17.94,22.98,0.39,23.74,88.69
15-10-2022 00:00,75.94,18.61,26.59,0.47,23.74,86.18
16-10-2022 00:00,76.07,18.74,29.44,0.53,23.74,80
17-10-2022 00:00,77.96,22.7,29.74,0.48,23.74,76.12
18-10-2022 00:00,74.68,19.89,33.2,0.26,23.74,78.45
19-10-2022 00:00,81.43,24.37,32.95,0.43,23.74,76.84
20-10-2022 00:00,89.59,26.23,38.36,0.43,23.74,73.95
21-10-2022 00:00,98.38,29.67,35.59,0.44,23.74,73.77
22-10-2022 00:00,80.77,30.57,35.68,0.41,23.74,64.16
23-10-2022 00:00,94.22,28.55,40.59,0.44,23.74,58.22
24-10-2022 00:00,61.22,22.52,39.93,0.3,23.74,70.47
25-10-2022 00:00,53.64,17.97,29.91,0.48,23.74,92.95
26-10-2022 00:00,71,20.34,33.22,0.65,23.74,90.96
27-10-2022 00:00,114.78,22.97,37.49,0.55,23.74,89.03
28-10-2022 00:00,93.13,26.52,39.92,0.39,23.74,77.85
29-10-2022 00:00,85.25,28.1,33.71,0.58,23.74,72.48
30-10-2022 00:00,95.03,29.64,31.92,0.51,23.74,67.47
31-10-2022 00:00,117.67,28.54,34.21,0.6,23.74,67.87
1/11/2022 0:00,80.32,26.11,34.63,0.39,23.74,65.31
2/11/2022 0:00,75.7,27.63,35.8,0.42,23.74,71.54
3/11/2022 0:00,97.61,29.72,38.32,0.49,23.74,69.1
4/11/2022 0:00,107.04,31.85,35.51,0.5,23.74,69.78
5/11/2022 0:00,117.31,32.08,32.92,0.5,23.74,74.66
6/11/2022 0:00,93.08,26.83,34.29,0.41,23.74,72.39
7/11/2022 0:00,108.25,29.57,35.67,0.59,23.74,74.35
8/11/2022 0:00,136.16,31.59,35.39,0.72,23.74,76.1
9/11/2022 0:00,134.18,30.42,36.03,0.6,23.74,80.12
10/11/2022 0:00,146.17,29.61,35.08,0.61,23.74,80.83
11/11/2022 0:00,118.5,29.17,40.78,0.5,23.74,78.91
12/11/2022 0:00,124.89,28.69,40.06,0.66,23.74,81.41
13-11-2022 00:00,148.11,30.48,40.91,0.78,23.74,83.09
14-11-2022 00:00,142.82,32.39,35.82,0.52,23.74,75.6
15-11-2022 00:00,125.68,31.56,40.4,0.59,23.74,75.4
16-11-2022 00:00,122.02,30.94,41.65,0.65,23.74,75.72
17-11-2022 00:00,149.29,37.64,37.93,0.77,23.74,75.5
18-11-2022 00:00,113.44,35.29,35.28,0.49,23.74,73.12
19-11-2022 00:00,112.63,33.19,33.85,0.56,23.74,74
20-11-2022 00:00,92.04,26.39,36.74,0.5,23.74,72.2
21-11-2022 00:00,113.46,30.02,38.53,0.65,23.74,74.74
22-11-2022 00:00,133.35,32.27,39.38,0.64,23.74,73.14
23-11-2022 00:00,112.82,32.51,35.61,0.57,23.74,70.56
24-11-2022 00:00,121.74,35.21,30.82,0.56,23.74,68.46
25-11-2022 00:00,135.06,35.26,32.25,0.67,23.74,68.97
26-11-2022 00:00,101.38,37.76,33.08,0.69,23.74,71.49
27-11-2022 00:00,114.29,32.95,33.64,0.59,23.74,73.13
28-11-2022 00:00,93.22,34.48,32.88,0.48,23.74,67.81
29-11-2022 00:00,110.4,38.77,36.25,0.59,23.74,62.61
30-11-2022 00:00,121.83,35.38,34.43,0.71,23.74,68.35
1/12/2022 0:00,116.93,31.86,35.51,0.56,23.74,70.97
2/12/2022 0:00,134.88,33.83,37.83,0.63,23.74,73.32
3/12/2022 0:00,129.86,34.88,34.76,0.62,23.74,73.76
4/12/2022 0:00,137.07,30.43,32.34,0.68,23.74,73.2
5/12/2022 0:00,124.05,30.05,33.42,0.7,23.74,73.29
6/12/2022 0:00,125.48,27.27,35.94,0.58,23.74,73.03
7/12/2022 0:00,160.22,32.22,32.44,0.63,23.74,74.7
8/12/2022 0:00,133.33,34.81,28.66,0.65,23.74,75.64
9/12/2022 0:00,127.98,31.82,34.38,0.61,23.74,70.62
10/12/2022 0:00,164.64,38.43,34.06,0.86,23.74,74.23
11/12/2022 0:00,138.14,28.44,35.81,0.67,23.74,76.92
12/12/2022 0:00,167.23,33.94,38.46,0.8,23.74,80.58
13-12-2022 00:00,173.07,34.7,38.38,0.91,23.74,79.07
14-12-2022 00:00,181.37,36.99,34.09,0.86,23.74,83.3
15-12-2022 00:00,192.28,29.83,34.39,0.73,23.74,84.83
16-12-2022 00:00,205.04,31.1,33.19,0.99,23.74,87.63
17-12-2022 00:00,169.73,30.62,32.85,0.8,23.74,80.9
18-12-2022 00:00,141.06,33.32,30.49,0.75,23.74,74.47
19-12-2022 00:00,127.85,32.75,31.76,0.61,23.74,74.07
20-12-2022 00:00,150.28,34.63,34.34,0.82,23.74,77.76
21-12-2022 00:00,158.74,28.76,36.35,0.72,23.74,78.02
22-12-2022 00:00,166.15,26.17,37.85,0.78,23.74,81.52
23-12-2022 00:00,181.67,29.55,33.04,1.17,23.74,88.3
24-12-2022 00:00,206.33,39.34,34.17,0.82,23.74,78.51
25-12-2022 00:00,180.72,35.4,34.83,0.92,23.74,76.72
26-12-2022 00:00,200.83,38.75,34.58,1.19,23.74,81.76
27-12-2022 00:00,230.34,33.66,28.57,1.05,23.74,92.96
28-12-2022 00:00,273.26,39.28,26.07,1.29,23.74,97.16
29-12-2022 00:00,204.32,40.56,29.98,1.23,23.74,84.05
30-12-2022 00:00,154.98,38.88,34.3,1.11,23.74,76.45
31-12-2022 00:00,207.49,42.05,31.46,1.16,23.74,79.47
1/1/2023 0:00,196.67,37.93,34.16,1.11,23.74,82.07
2/1/2023 0:00,166.06,28.68,35.02,0.87,23.74,78.55
3/1/2023 0:00,163.29,17.47,36.58,0.95,23.74,86.51
4/1/2023 0:00,127.46,16.39,35.03,0.9,23.74,86.94
5/1/2023 0:00,148.25,20.61,31.96,1.02,23.74,87.94
6/1/2023 0:00,166.45,16.14,33.05,0.94,23.74,88.6
7/1/2023 0:00,142.15,15.95,34.21,0.94,23.74,87.26
8/1/2023 0:00,149,16.58,37.36,1.07,23.74,85.57
9/1/2023 0:00,183.22,25.27,43.89,1.17,23.74,77.37
10/1/2023 0:00,222.76,28.58,42.35,1.22,23.74,78.95
11/1/2023 0:00,176.19,21.46,36.59,1.29,23.74,86.81
12/1/2023 0:00,197.11,31.54,40.47,1.2,23.74,80.9
13-01-2023 00:00,212.55,41.3,45.5,1.31,23.74,73.06
14-01-2023 00:00,274.68,52.87,40.29,1.31,23.74,76.31
15-01-2023 00:00,271.26,34.48,28.82,1.03,23.74,88.04
16-01-2023 00:00,170.23,23.83,15.53,1.1,23.74,97.42
17-01-2023 00:00,236,43.19,22.89,1.61,23.74,93.41
18-01-2023 00:00,249.25,49.26,24.76,1.41,23.74,81.9
19-01-2023 00:00,183.34,42.97,30.73,1.06,23.74,80.46
20-01-2023 00:00,168.31,48.75,30.5,1.02,23.74,75.33
21-01-2023 00:00,190.94,52.17,32.65,1.07,23.74,73.41
22-01-2023 00:00,176.2,44.86,30.41,0.95,23.74,76.19
23-01-2023 00:00,160.39,29.54,25.6,1.06,23.74,74.62
24-01-2023 00:00,143.64,29.54,28.06,0.86,23.74,69.46
25-01-2023 00:00,137.33,29.54,25.81,1,23.74,69.55
26-01-2023 00:00,129.33,29.54,34.19,0.97,23.74,69.61
27-01-2023 00:00,129.68,29.54,31.54,0.79,23.74,78.44
28-01-2023 00:00,143.31,29.54,22.72,1.06,23.74,90.86
29-01-2023 00:00,172.68,29.54,28.75,1.23,23.74,78.04
30-01-2023 00:00,144.81,29.54,27.56,0.9,23.74,72.89
31-01-2023 00:00,158.51,29.54,29.53,0.81,23.74,78.83
1/2/2023 0:00,156.77,29.54,24.57,0.87,23.74,92.55
2/2/2023 0:00,136.29,29.54,25.56,0.9,23.74,93.22
3/2/2023 0:00,143.29,29.54,31.22,0.99,23.74,78.62
4/2/2023 0:00,125.45,29.54,31.6,0.89,23.74,76.68
5/2/2023 0:00,146.57,29.54,33.4,1.06,23.74,87.11
6/2/2023 0:00,177.15,29.54,32.97,1.19,23.74,86.95
7/2/2023 0:00,191.33,29.54,33.82,1.12,23.74,83.52
8/2/2023 0:00,145.28,29.54,47.72,0.64,23.74,76.05
9/2/2023 0:00,93.98,29.54,29.07,0.72,23.74,79.66
10/2/2023 0:00,93.98,29.54,29.07,0.72,23.74,79.66
11/2/2023 0:00,93.98,29.54,29.07,0.72,23.74,79.66
12/2/2023 0:00,93.98,29.54,29.07,0.72,23.74,79.66
13-02-2023 00:00,197.17,29.02,56.78,0.8,23.74,51.87
14-02-2023 00:00,145.55,25.17,46.33,0.62,23.74,54.8
15-02-2023 00:00,145.26,27.25,37.48,0.88,23.74,63.62
16-02-2023 00:00,155.15,35.32,33.29,0.9,23.74,65.12
17-02-2023 00:00,142.49,36.96,32.2,0.95,23.74,62.22
18-02-2023 00:00,155.18,35.78,33.46,1.02,23.74,66.11
19-02-2023 00:00,166.66,33.36,37.8,0.92,23.74,65.85
20-02-2023 00:00,158.23,32.84,29.69,0.92,23.74,71.24
21-02-2023 00:00,148.48,29.62,31.55,0.77,23.74,73.49
22-02-2023 00:00,120.14,24.38,39.32,0.72,23.74,84.89
23-02-2023 00:00,109.13,29.68,29.7,0.72,23.74,86.18
24-02-2023 00:00,97.3,25.86,42.36,0.65,23.74,72.77
25-02-2023 00:00,98.5,26.66,45.99,0.72,23.74,62.23
26-02-2023 00:00,87.73,27.19,45.41,0.57,23.74,48.93
27-02-2023 00:00,79.83,27.66,46.25,0.67,23.74,50.01
28-02-2023 00:00,162.06,32.55,39.43,1.08,23.74,68.07
1/3/2023 0:00,151.8,31.4,35.86,0.9,23.74,62.76
2/3/2023 0:00,178.62,33.66,33.58,0.96,23.74,64.73
3/3/2023 0:00,115.24,31.92,35.96,0.8,23.74,66.49
4/3/2023 0:00,131.76,33.34,30.71,0.84,23.74,69.3
5/3/2023 0:00,119.18,29.37,35.59,0.67,23.74,72.26
6/3/2023 0:00,108.3,27.54,36.61,0.76,23.74,71.64
7/3/2023 0:00,136.61,26.97,39.23,0.77,23.74,67.81
8/3/2023 0:00,125.39,25.22,42.56,0.77,23.74,69.38
9/3/2023 0:00,120.23,25.44,40.13,0.71,23.74,65.65
10/3/2023 0:00,128.83,27.34,40.95,0.77,23.74,62.52
11/3/2023 0:00,124.71,30.74,41.01,0.88,23.74,59.24
12/3/2023 0:00,110.64,29.15,45.82,0.74,23.74,47.6
13-03-2023 00:00,150.2,30.93,41.77,0.99,23.74,52.81
14-03-2023 00:00,129.85,28.88,44.48,0.9,23.74,55.67
15-03-2023 00:00,140.07,26.95,41.21,0.69,23.74,68.72
16-03-2023 00:00,56.46,26.61,38.33,0.61,23.74,69.58
17-03-2023 00:00,70.66,28.09,42.45,0.58,23.74,66.44
18-03-2023 00:00,52.6,26.21,44.06,0.64,23.74,67.11
19-03-2023 00:00,39,23.3,38.09,0.53,23.74,87.28
20-03-2023 00:00,34.31,24.97,34.94,0.56,23.74,95.42
21-03-2023 00:00,34.12,24.52,34.19,0.52,23.74,84.22
22-03-2023 00:00,36.62,23.89,34.32,0.52,23.74,84.68
23-03-2023 00:00,57.64,25.03,38.16,0.67,23.74,82.35
24-03-2023 00:00,66.8,24.39,34.9,0.56,23.74,85.52
25-03-2023 00:00,60.46,25.32,37.3,0.59,23.74,81.09
26-03-2023 00:00,78.03,24.04,36.15,0.61,23.74,82.17
27-03-2023 00:00,98.01,26.2,43.67,0.7,23.74,64.06
28-03-2023 00:00,98.3,28.45,47.31,0.66,23.74,49.07
29-03-2023 00:00,87.41,26.71,52.72,0.66,23.74,51.05
30-03-2023 00:00,85.88,25.17,45.35,0.6,23.74,71.61
31-03-2023 00:00,66.48,24.84,48.3,0.52,23.74,57.94
1/4/2023 0:00,49.3,24.82,39.15,0.56,23.74,77.15
2/4/2023 0:00,38.65,22.5,36.52,0.52,23.74,77.06
3/4/2023 0:00,51.55,24.01,41.97,0.59,23.74,68.22
4/4/2023 0:00,52.37,22.33,43.82,0.54,23.74,79.36
5/4/2023 0:00,65.13,23.36,40.04,0.59,23.74,73.75
6/4/2023 0:00,86.52,26.01,43.52,0.61,23.74,70.06
7/4/2023 0:00,92.83,27.9,45.03,0.68,23.74,58.75
8/4/2023 0:00,101.47,27.9,42.22,0.64,23.74,56.71
9/4/2023 0:00,115.31,28.14,42.1,0.74,23.74,61.03
10/4/2023 0:00,125.88,29.59,50.58,0.67,23.74,51.98
11/4/2023 0:00,149.74,30.28,49.94,0.82,23.74,51.6
12/4/2023 0:00,152.81,32.9,48.93,0.74,23.74,47.67
13-04-2023 00:00,132.44,32.3,51.7,0.7,23.74,51.35
14-04-2023 00:00,129.11,31.5,45.69,0.79,23.74,49.15
15-04-2023 00:00,144.64,30.93,44.98,0.91,23.74,50.41
16-04-2023 00:00,155.26,30.44,33.78,0.93,23.74,63.55
17-04-2023 00:00,126.88,27.26,47.86,0.86,23.74,48.53
18-04-2023 00:00,141.15,25.75,40.76,0.8,23.74,59.11
19-04-2023 00:00,110.91,24.89,45.54,0.76,23.74,61.11
20-04-2023 00:00,77.48,24.64,47.66,0.64,23.74,59.55
21-04-2023 00:00,66.87,23.98,40.19,0.62,23.74,69.67
22-04-2023 00:00,38.79,22.67,50.63,0.53,23.74,66.68
23-04-2023 00:00,39.31,22.1,49.22,0.51,23.74,72.44
24-04-2023 00:00,54.87,26.38,35.87,0.62,23.74,71.2
25-04-2023 00:00,68.55,25.96,37.1,0.53,23.74,64.49
26-04-2023 00:00,73.81,23.84,50.1,0.52,23.74,60.25
27-04-2023 00:00,63.97,24.67,52.5,0.58,23.74,64.63
28-04-2023 00:00,89.64,25.69,48.62,0.64,23.74,68.77
29-04-2023 00:00,70.06,24.25,56.13,0.62,23.74,79.39
30-04-2023 00:00,50.98,22.2,45.52,0.6,23.74,85.26
1/5/2023 0:00,51.95,22.31,33.5,0.67,23.74,86.45
2/5/2023 0:00,77.27,25.65,27.97,0.67,23.74,81.03
3/5/2023 0:00,72.83,25.28,33.04,0.66,23.74,68.91
4/5/2023 0:00,53.9,24.03,33.69,0.58,23.74,84.72
5/5/2023 0:00,63.26,25.23,30.4,0.66,23.74,71.77
6/5/2023 0:00,76.44,25.38,44.24,0.63,23.74,62.78
7/5/2023 0:00,70.29,22.53,56.72,0.57,23.74,56.52
8/5/2023 0:00,70.14,24.61,54.95,0.66,23.74,53.29
9/5/2023 0:00,73.26,22.96,50.49,0.66,23.74,59.67
10/5/2023 0:00,103.65,27.23,52.81,0.66,23.74,46.81
11/5/2023 0:00,89.83,25.17,63.27,0.65,23.74,47.36
12/5/2023 0:00,87.51,24.75,60.03,0.65,23.74,50.88
13-05-2023 00:00,82.26,29.07,55.41,0.72,23.74,42.25
14-05-2023 00:00,80.43,25.13,53.29,0.62,23.74,46.78
15-05-2023 00:00,47.26,23.76,56.95,0.61,23.74,48.54
16-05-2023 00:00,49.17,23.82,41.85,0.6,23.74,78.3
17-05-2023 00:00,36.29,21.72,38.79,0.58,23.74,91.43
18-05-2023 00:00,36.23,21.43,42.74,0.56,23.74,88.66
19-05-2023 00:00,49.23,23.75,35.88,0.62,23.74,87.1
20-05-2023 00:00,58.39,24.16,37.32,0.61,23.74,85.33
21-05-2023 00:00,64.86,24.75,44.45,0.57,23.74,78.29
22-05-2023 00:00,57.29,24.37,36.86,0.6,23.74,78.76
23-05-2023 00:00,53.91,23.29,33.68,0.57,23.74,87.5
24-05-2023 00:00,46.92,23.3,44.31,0.62,23.74,70.88
25-05-2023 00:00,55.8,22.82,45.52,0.6,23.74,76.41
26-05-2023 00:00,38.1,21.4,41.15,0.56,23.74,83.63
27-05-2023 00:00,38.45,23.55,35.64,0.63,23.74,88.3
28-05-2023 00:00,58.08,23.6,30.25,0.64,23.74,80.38
29-05-2023 00:00,57.68,24,30.33,0.64,23.74,65.63
30-05-2023 00:00,67.9,24.88,35.92,0.66,23.74,66.02
31-05-2023 00:00,79.9,22.48,42.3,0.66,23.74,64.78
1/6/2023 0:00,75.2,23.04,44.53,0.77,23.74,67.52
2/6/2023 0:00,94.32,23.42,44.85,0.71,23.74,66.21
3/6/2023 0:00,86.28,22.19,54.84,0.69,23.74,61.16
4/6/2023 0:00,76.1,21.3,55.33,0.76,23.74,62.16
5/6/2023 0:00,82.51,22.14,50.77,0.72,23.74,63.85
6/6/2023 0:00,74.38,22.56,45.52,0.67,23.74,57.59
7/6/2023 0:00,71.9,22.5,52.38,0.7,23.74,48.18
8/6/2023 0:00,84.81,21.5,49.3,0.75,23.74,63.65
9/6/2023 0:00,57.95,20.92,45.97,0.6,23.74,71.17
10/6/2023 0:00,52.12,22.33,23.59,0.68,23.74,91.49
11/6/2023 0:00,45.06,19.21,28.7,0.65,23.74,88.41
12/6/2023 0:00,34.4,21.68,36.3,0.71,23.74,90.79
13-06-2023 00:00,41.6,19.91,35.49,0.61,23.74,89.19
14-06-2023 00:00,41.69,20.71,36.72,0.63,23.74,89.09
15-06-2023 00:00,45.79,20.15,36.59,0.61,23.74,95.68
16-06-2023 00:00,32.42,20.25,31.15,0.59,23.74,97.3
17-06-2023 00:00,34.25,19.95,27.79,0.58,23.74,96.55
18-06-2023 00:00,28.68,18.99,27.47,0.63,23.74,97.4
19-06-2023 00:00,28.62,20.23,24.5,0.57,23.74,97.45
20-06-2023 00:00,33.13,19.95,23.52,0.57,23.74,97.25
21-06-2023 00:00,32.65,19.24,29.4,0.57,23.74,97.28
22-06-2023 00:00,36.83,20.59,26.41,0.58,23.74,97.33
23-06-2023 00:00,35.53,19.6,22.6,0.59,23.74,97.33
24-06-2023 00:00,41.83,19.95,20.54,0.68,23.74,91.75
25-06-2023 00:00,39.16,18.44,24.46,0.54,23.74,88.19
26-06-2023 00:00,38.15,19.32,25.37,0.55,23.74,80.65
27-06-2023 00:00,33.92,19.5,23.34,0.56,23.74,96.63
28-06-2023 00:00,28.03,18.61,24.08,0.53,23.74,94.78
29-06-2023 00:00,30.66,18.39,23.98,0.54,23.74,94.18
30-06-2023 00:00,28.25,18.94,23.47,0.54,23.74,97.37
1/7/2023 0:00,29.37,18.66,24.13,0.54,23.74,93.47
2/7/2023 0:00,29.61,18.48,22.64,0.58,23.74,96.1
3/7/2023 0:00,33.72,19.25,22.13,0.65,23.74,97.35
4/7/2023 0:00,36.41,19.49,21.19,0.63,23.74,97.31
5/7/2023 0:00,42.15,18.74,21.27,0.58,23.74,92.57
6/7/2023 0:00,36.61,18.06,24.8,0.52,23.74,92.98
7/7/2023 0:00,26.4,18.15,23.58,0.48,23.74,92.66
8/7/2023 0:00,30.1,17.8,24.4,0.54,23.74,93.23
9/7/2023 0:00,30.94,17.78,27.63,0.59,23.74,91.87
10/7/2023 0:00,40.85,19.88,24.65,0.74,23.74,96.86
11/7/2023 0:00,53.15,18.57,28.28,0.46,23.74,96.55
12/7/2023 0:00,40.14,18.93,26.09,0.65,23.74,97.37
13-07-2023 00:00,37.73,18.64,23.77,0.58,23.74,97.36
14-07-2023 00:00,33.45,19.67,22.02,0.59,23.74,97.39
15-07-2023 00:00,40.81,18.26,22.52,0.51,23.74,93.67
16-07-2023 00:00,35.63,20.67,25.13,0.58,23.74,91.71
17-07-2023 00:00,37.92,16.88,23.58,0.54,23.74,92.73
18-07-2023 00:00,41.9,22.72,23.92,0.55,23.74,80.16
19-07-2023 00:00,50.85,18.93,26.06,0.61,23.74,75.66
20-07-2023 00:00,57.81,17.35,28.92,0.43,23.74,82.93
21-07-2023 00:00,39.47,17.98,27.37,0.59,23.74,96.72
22-07-2023 00:00,36.8,17.48,26.23,0.57,23.74,85.9
23-07-2023 00:00,42.7,16.89,25.86,0.49,23.74,83.91
24-07-2023 00:00,35.82,16.48,26.49,0.46,23.74,91.11
25-07-2023 00:00,38.18,17.84,25.63,0.52,23.74,86.38
26-07-2023 00:00,37.24,18.07,25.49,0.55,23.74,90.98
27-07-2023 00:00,39.88,17.51,25.69,0.59,23.74,95.32
28-07-2023 00:00,34.16,17.23,26.93,0.5,23.74,94.16
29-07-2023 00:00,36.32,16.68,27.24,0.49,23.74,96.05
30-07-2023 00:00,35.61,16.6,27.19,0.53,23.74,91.64
31-07-2023 00:00,43.74,17.52,25.46,0.55,23.74,81.19
1/8/2023 0:00,41.17,17.04,26.59,0.42,23.74,74.2
2/8/2023 0:00,29.75,16.53,26.69,0.51,23.74,91.5
3/8/2023 0:00,32.7,16.3,27.21,0.52,23.74,93.18
4/8/2023 0:00,33.5,16.5,28.88,0.49,23.74,96.76
5/8/2023 0:00,42.2,16.6,28.38,0.61,23.74,94.4
6/8/2023 0:00,44.22,16.4,27.43,0.51,23.74,94.1
7/8/2023 0:00,38.53,16.69,28.02,0.54,23.74,95.34
8/8/2023 0:00,38.96,16.41,28.09,0.57,23.74,96.56
9/8/2023 0:00,51.23,16.46,29.47,0.73,23.74,97.24
10/8/2023 0:00,60.31,17.45,31.65,0.5,23.74,92.08
11/8/2023 0:00,39.56,17.71,20.59,0.53,23.74,95.91
12/8/2023 0:00,39.28,17.03,22.53,0.52,23.74,96.11
13-08-2023 00:00,37.08,16.12,15.04,0.48,23.74,97.51
14-08-2023 00:00,61.46,16.29,14.01,0.62,23.74,89.03
15-08-2023 00:00,66.47,16.38,14.55,0.53,23.74,88.05
16-08-2023 00:00,54.37,16.47,14.77,0.56,23.74,95.72
17-08-2023 00:00,63.89,17.38,17.49,0.58,23.74,86.73
18-08-2023 00:00,59.68,17.21,22.61,0.54,23.74,91.89
19-08-2023 00:00,45.58,17.82,22.73,0.54,23.74,91.09
20-08-2023 00:00,42,16.95,22.86,0.53,23.74,93.78
21-08-2023 00:00,46.29,16.56,23.21,0.53,23.74,95.73
22-08-2023 00:00,48,17.25,22.48,0.5,23.74,97.41
23-08-2023 00:00,34.34,16.44,22.43,0.51,23.74,97.39
24-08-2023 00:00,35.24,15.43,23.38,0.5,23.74,97.39
25-08-2023 00:00,33.19,16.03,23.48,0.49,23.74,97.46
26-08-2023 00:00,33.65,15.8,19.96,0.59,23.74,97.35
27-08-2023 00:00,51.45,15.48,22.99,0.45,23.74,97.03
28-08-2023 00:00,66.01,15.59,23.59,0.51,23.74,96.26
29-08-2023 00:00,63.44,19.21,29.4,0.61,23.74,92.33
30-08-2023 00:00,72.02,19.3,40.71,0.51,23.74,89.03
31-08-2023 00:00,79.52,19.34,35.36,0.61,23.74,87.21
1/9/2023 0:00,64.36,17.52,34.47,0.56,23.74,89.67
2/9/2023 0:00,57.04,17.76,42.58,0.57,23.74,93.41
3/9/2023 0:00,51.1,16.61,38.92,0.65,23.74,86.32
4/9/2023 0:00,46.47,35.21,39.23,0.63,23.74,85.76
5/9/2023 0:00,56.05,22.1,33.23,0.63,23.74,73.4
6/9/2023 0:00,50.13,22.53,41.84,0.5,23.74,68.48
7/9/2023 0:00,40.11,20.01,36.28,0.57,23.74,86.47
8/9/2023 0:00,26.44,22.99,31.29,0.41,23.74,93.52
9/9/2023 0:00,30.39,17.72,29.29,0.41,23.74,91.49
10/9/2023 0:00,44.5,17.43,30.72,0.43,23.74,83.81
11/9/2023 0:00,52.09,16.91,35.76,0.33,23.74,87.08
12/9/2023 0:00,48.61,16.72,33.19,0.39,23.74,93.26
13-09-2023 00:00,50.63,20.91,30.69,0.44,23.74,87.17
14-09-2023 00:00,42,19.53,28.66,0.39,23.74,90.7
15-09-2023 00:00,41.06,20.28,27.46,0.39,23.74,87.38
16-09-2023 00:00,51.78,21.38,31.96,0.4,23.74,84.04
17-09-2023 00:00,59.91,21.98,32.49,0.41,23.74,82.62
18-09-2023 00:00,45.68,19.74,34.89,0.34,23.74,78.91
19-09-2023 00:00,41.02,17.46,32.18,0.39,23.74,84.41
20-09-2023 00:00,21.9,16.4,31.08,0.25,23.74,87.13
21-09-2023 00:00,17.84,16.31,29.88,0.35,23.74,97.45
22-09-2023 00:00,21.35,17.01,25.89,0.37,23.74,97.42
23-09-2023 00:00,20.81,58.63,29.65,0.26,23.74,97.29
24-09-2023 00:00,19.71,21.62,28.75,0.38,23.74,97.22
25-09-2023 00:00,31.14,25.11,19.97,0.47,23.74,94.45
26-09-2023 00:00,45.1,21.72,24.8,0.43,23.74,87.67
27-09-2023 00:00,49.41,23.3,27.44,0.57,23.74,86
28-09-2023 00:00,52.72,19.77,26.74,0.53,23.74,81.37
29-09-2023 00:00,49.3,29.42,24.88,0.5,23.74,76.53
30-09-2023 00:00,39.73,20.13,16.73,0.47,23.74,95.91
1/10/2023 0:00,30.22,28.55,24.61,0.42,23.74,85.64
2/10/2023 0:00,33.57,18.89,25.04,0.44,23.74,89.52
3/10/2023 0:00,34.09,18.91,20.3,0.48,23.74,96.8
4/10/2023 0:00,25.44,27.93,26.67,0.42,23.74,97.47
5/10/2023 0:00,25.66,22.66,23.26,0.43,23.74,97.33
6/10/2023 0:00,35.86,24.19,25.37,0.45,23.74,90
7/10/2023 0:00,33.86,22.76,26.39,0.44,23.74,88.79
8/10/2023 0:00,32.51,17.78,28.78,0.45,23.74,96.2
9/10/2023 0:00,52.06,22.5,26.91,0.6,23.74,87.89
10/10/2023 0:00,64.31,27.12,35.79,0.55,23.74,91.91
11/10/2023 0:00,60.28,24.27,35.26,0.43,23.74,87.68
12/10/2023 0:00,50.48,27.5,33.52,0.63,23.74,88.4
13-10-2023 00:00,54.28,30.73,23.86,0.69,23.74,88.23
14-10-2023 00:00,61.04,28.09,26.98,0.57,23.74,90.51
15-10-2023 00:00,69.92,26.43,32.07,0.62,23.74,86.75
16-10-2023 00:00,82.12,30.5,29.74,0.59,23.74,85.97
17-10-2023 00:00,78.73,31.33,30.95,0.54,23.74,80.89
18-10-2023 00:00,71.51,28.7,30.72,0.57,23.74,81.55
19-10-2023 00:00,69.42,29.05,33.28,0.54,23.74,80.29
20-10-2023 00:00,66.29,31.1,30.39,0.55,23.74,79.15
21-10-2023 00:00,64.03,35.36,28.96,0.61,23.74,72.12
22-10-2023 00:00,59.96,32.69,29.62,0.56,23.74,65.07
23-10-2023 00:00,63.69,34.46,27.95,0.7,23.74,64.94
24-10-2023 00:00,65.68,33.01,27.66,0.64,23.74,70.29
25-10-2023 00:00,56.18,31.68,28.53,0.55,23.74,72.79
26-10-2023 00:00,61.12,32.8,27.79,0.57,23.74,77.11
27-10-2023 00:00,71.9,31.37,34.49,0.56,23.74,78.65
28-10-2023 00:00,74.14,32.08,41.83,0.52,23.74,70.13
29-10-2023 00:00,69.24,37.73,29.57,0.55,23.74,73.11
30-10-2023 00:00,60.79,35.43,30.01,0.58,23.74,72.97
31-10-2023 00:00,66.19,39.03,24.4,0.64,23.74,69.27
1/11/2023 0:00,68.73,37.19,26.53,0.54,23.74,73.51
2/11/2023 0:00,59.29,33.45,30.06,0.59,23.74,74.91
3/11/2023 0:00,72.37,33.97,28.1,0.66,23.74,79.16
4/11/2023 0:00,82.72,33.39,34.06,0.59,23.74,80.5
5/11/2023 0:00,85.02,35.56,33.27,0.65,23.74,79.53
6/11/2023 0:00,87.4,34.87,34.11,0.65,23.74,79.55
7/11/2023 0:00,83.55,35.36,34.43,0.69,23.74,76.4
8/11/2023 0:00,100.01,38.43,31.37,0.78,23.74,74.26
9/11/2023 0:00,110.14,38.07,33.47,0.78,23.74,76.58
10/11/2023 0:00,104.2,41.89,28.85,0.67,23.74,74.56
11/11/2023 0:00,91.46,38.01,30.02,0.69,23.74,73.65
12/11/2023 0:00,128.92,36.09,27.28,0.64,23.74,72.83
13-11-2023 00:00,120.64,36.26,23.85,0.67,23.74,71.34
14-11-2023 00:00,81.46,36.78,23.92,0.75,23.74,69.19
15-11-2023 00:00,66.9,34.5,25.56,0.6,23.74,66.38
16-11-2023 00:00,56.04,37.02,34.22,0.51,23.74,44.76
17-11-2023 00:00,57.04,38.25,28.57,0.6,23.74,53.55
18-11-2023 00:00,68.04,35.85,25.74,0.69,23.74,74.74
19-11-2023 00:00,85.91,31.14,30.88,0.64,23.74,75.22
20-11-2023 00:00,125.09,34.1,27.11,0.81,23.74,74.53
21-11-2023 00:00,86.33,33.29,35.22,0.58,23.74,78.25
22-11-2023 00:00,131,38.73,37.66,0.92,23.74,80.45
23-11-2023 00:00,134.14,40.68,34.55,0.81,23.74,80.08
24-11-2023 00:00,97.77,36.4,29.68,0.67,23.74,77.98
25-11-2023 00:00,102.24,41.26,25.49,0.7,23.74,75.16
26-11-2023 00:00,69.42,37.44,25.65,0.63,23.74,67.66
27-11-2023 00:00,76.49,37.67,25.81,0.69,23.74,62.39
28-11-2023 00:00,79.71,42.09,19.84,0.61,23.74,66.3
29-11-2023 00:00,83.54,41.33,28.96,0.77,23.74,70.65
30-11-2023 00:00,101.6,42.23,28.06,0.68,23.74,74.84
1/12/2023 0:00,85.13,43.54,20.3,0.65,23.74,77.82
2/12/2023 0:00,85.25,43.13,23.42,0.71,23.74,73.01
3/12/2023 0:00,89.14,42.35,27.44,0.77,23.74,72.16
4/12/2023 0:00,76.62,42.22,25.92,0.73,23.74,72.75
5/12/2023 0:00,98.33,42.43,28.17,0.73,23.74,76.15
6/12/2023 0:00,91.98,41.86,22.23,0.75,23.74,79.65
7/12/2023 0:00,99.04,36.35,19.7,0.76,23.74,85.97
8/12/2023 0:00,101.76,28.08,22.95,0.78,23.74,90.86
9/12/2023 0:00,145.19,27.89,22.07,0.84,23.74,96.34
10/12/2023 0:00,129.85,30.51,28.11,0.94,23.74,93.44
11/12/2023 0:00,107.49,35.95,24.47,0.88,23.74,85.44
12/12/2023 0:00,91.8,35.69,23.49,0.81,23.74,78.44
13-12-2023 00:00,101.63,38.81,26.94,0.68,23.74,79.97
14-12-2023 00:00,97.49,45.48,27.51,0.81,23.74,79.53
15-12-2023 00:00,114.74,42.63,30.15,0.94,23.74,81.23
16-12-2023 00:00,117.06,45.47,30.71,0.83,23.74,75.46
17-12-2023 00:00,94.78,43.55,27.99,0.82,23.74,75.33
18-12-2023 00:00,111.8,47.46,28.11,0.91,23.74,77.55
19-12-2023 00:00,104.9,46.35,23.23,0.79,23.74,73.95
20-12-2023 00:00,83.59,49.21,24.37,0.76,23.74,70.89
21-12-2023 00:00,88.6,49.27,21.58,0.77,23.74,70.63
22-12-2023 00:00,69.8,45.76,21.15,0.66,23.74,61.38
23-12-2023 00:00,71.38,46.92,20.32,0.76,23.74,60.54
24-12-2023 00:00,92.78,47.22,22.14,0.78,23.74,66.69
25-12-2023 00:00,106.59,47.41,23.77,1.07,23.74,71.74
26-12-2023 00:00,90.34,46.3,25.37,0.79,23.74,77.76
27-12-2023 00:00,95.59,47.01,25.1,0.76,23.74,77
28-12-2023 00:00,78.39,52.99,25.61,0.58,23.74,75.07
29-12-2023 00:00,116.05,60.41,26.88,0.81,23.74,73.68
30-12-2023 00:00,92.64,38.99,24.34,0.77,23.74,83.75
31-12-2023 00:00,88.89,26.63,20.66,0.95,23.74,92.43
1/1/2024 0:00,92.04,29.35,16.39,0.91,23.74,94.69
2/1/2024 0:00,111.51,29.87,21.72,1.15,23.74,91
3/1/2024 0:00,111.73,25.43,28.48,0.65,23.74,71.55
4/1/2024 0:00,93.98,29.54,23.74,0.61,23.74,79.66
5/1/2024 0:00,93.98,29.54,26.75,0.55,23.74,79.66
6/1/2024 0:00,93.98,29.54,28.1,0.88,23.74,79.66
7/1/2024 0:00,93.98,29.54,23.74,1.21,23.74,79.66
8/1/2024 0:00,243.71,35.35,22.53,1.32,23.74,91.3
9/1/2024 0:00,148.78,35.65,15.89,0.95,23.74,96.82
10/1/2024 0:00,108.86,30.39,16.26,0.88,23.74,97.57
11/1/2024 0:00,120.81,19.95,21.32,0.94,23.74,97.53
12/1/2024 0:00,168.06,30.15,18.23,1.26,23.74,95.72
13-01-2024 00:00,155.77,32.57,18.86,1.01,23.74,92.31
14-01-2024 00:00,136.71,30.5,21.17,1.19,23.74,85.79
15-01-2024 00:00,160.41,29.65,24.7,1.18,23.74,86.17
16-01-2024 00:00,134.54,24.44,12.46,1.15,23.74,97.6
17-01-2024 00:00,141.69,31.31,16.14,1.16,23.74,97.14
18-01-2024 00:00,140.09,30.85,24.43,0.97,23.74,87.36
19-01-2024 00:00,151.95,29.94,20.51,1.03,23.74,88.91
20-01-2024 00:00,139.5,26.07,21.46,1.04,23.74,87.81
21-01-2024 00:00,142.13,23.02,15.84,0.93,23.74,97.55
22-01-2024 00:00,118.01,21.62,26.01,0.82,23.74,86.72
23-01-2024 00:00,145.31,29.44,28.42,0.85,23.74,77.18
24-01-2024 00:00,153.93,30.78,21.55,1.08,23.74,86.66
25-01-2024 00:00,169.23,36.45,15.38,1.12,23.74,95.57
26-01-2024 00:00,144.66,36.2,25.23,1.14,23.74,85.85
27-01-2024 00:00,150.94,34.77,25.64,1.21,23.74,84.03
28-01-2024 00:00,197.85,49.45,31.98,1.24,23.74,74.83
29-01-2024 00:00,146.9,50.78,28.87,0.95,23.74,74.2
30-01-2024 00:00,176.58,66.04,30.24,1.1,23.74,72.67
31-01-2024 00:00,177.88,67.61,25.36,1.03,23.74,79.13
1/2/2024 0:00,147.69,57.33,25.75,0.85,23.74,76.51
2/2/2024 0:00,132.46,44.96,33.29,0.65,23.74,76.04
3/2/2024 0:00,166.13,54.92,28.71,0.88,23.74,77.07
4/2/2024 0:00,132.48,47.42,35.28,0.8,23.74,69.42
5/2/2024 0:00,151.71,52.81,28.49,0.87,23.74,75.93
6/2/2024 0:00,115.36,37.71,31.22,0.62,23.74,78.37
7/2/2024 0:00,126.97,43.97,20.09,0.89,23.74,92.15
8/2/2024 0:00,136.3,44.98,29.14,0.8,23.74,81.9
9/2/2024 0:00,176.73,57.87,22.57,1,23.74,84.95
10/2/2024 0:00,144.35,50.39,30.91,0.82,23.74,68.65
11/2/2024 0:00,153.83,49.96,31.04,0.92,23.74,67.87
12/2/2024 0:00,152.24,48.51,32.15,0.85,23.74,61.62
13-02-2024 00:00,119.85,63.83,31.64,0.76,23.74,56.13
14-02-2024 00:00,158.48,60.39,26.5,0.97,23.74,72.39
15-02-2024 00:00,166.82,57.54,30.77,0.92,23.74,73.95
16-02-2024 00:00,134.89,47.71,33.98,0.78,23.74,75.07
17-02-2024 00:00,187.49,54.17,20.14,1.14,23.74,89.99
18-02-2024 00:00,145.6,51.03,28.5,0.92,23.74,81.67
19-02-2024 00:00,154.15,61.09,31.88,0.83,23.74,68.91
20-02-2024 00:00,159.55,63.02,31.66,0.92,23.74,66.13
21-02-2024 00:00,185.1,55.52,21.85,0.95,23.74,94.15
22-02-2024 00:00,142.01,49.54,20.06,0.75,23.74,90.63
23-02-2024 00:00,118.44,38.82,35.65,0.6,23.74,74.44
24-02-2024 00:00,89.23,36.3,49.82,0.6,23.74,42.1
25-02-2024 00:00,129.2,51.23,38.96,0.79,23.74,58.55
26-02-2024 00:00,128.61,51.15,35.44,0.75,23.74,67.4
27-02-2024 00:00,132.52,51.56,35.19,0.66,23.74,63.58
28-02-2024 00:00,128.42,49.09,35.79,0.77,23.74,65.91
29-02-2024 00:00,155.73,49.58,37.13,0.77,23.74,67.81
,93.94280863,29.54071698,29.07831176,0.723654987,23.74455526,79.66154178
